DROP TABLE IF EXISTS "Address";
CREATE TABLE "Address" ("AddressID" INTEGER PRIMARY KEY  NOT NULL , "Street" VARCHAR, "City" VARCHAR, "State" VARCHAR, "Zip" VARCHAR);
INSERT INTO "Address" VALUES(1,'19520 Springview Crossing','Roanoke','Virginia','24040');
INSERT INTO "Address" VALUES(2,'17296 Gina Way','Duluth','Georgia','30195');
INSERT INTO "Address" VALUES(3,'6860 Vidon Junction','Huntsville','Alabama','35815');
INSERT INTO "Address" VALUES(4,'996 Cascade Court','Fargo','North Dakota','58106');
INSERT INTO "Address" VALUES(5,'787 Dryden Drive','Cincinnati','Ohio','45254');
INSERT INTO "Address" VALUES(6,'2769 Declaration Parkway','Aurora','Colorado','80044');
INSERT INTO "Address" VALUES(7,'5386 Heath Trail','Springfield','Illinois','62711');
INSERT INTO "Address" VALUES(8,'7972 Starling Park','Lancaster','Pennsylvania','17622');
INSERT INTO "Address" VALUES(9,'58565 Linden Plaza','Shawnee Mission','Kansas','66225');
INSERT INTO "Address" VALUES(10,'5 Fairview Street','Montgomery','Alabama','36134');
INSERT INTO "Address" VALUES(11,'2764 Manufacturers Circle','Richmond','Virginia','23293');
INSERT INTO "Address" VALUES(12,'9828 Jay Trail','Raleigh','North Carolina','27635');
INSERT INTO "Address" VALUES(13,'5 Oak Crossing','Washington','District of Columbia','20404');
INSERT INTO "Address" VALUES(14,'11 Maryland Point','Tampa','Florida','33661');
INSERT INTO "Address" VALUES(15,'4 Clove Hill','Odessa','Texas','79769');
INSERT INTO "Address" VALUES(16,'50016 Barnett Center','Los Angeles','California','90045');
INSERT INTO "Address" VALUES(17,'796 Melby Court','Washington','District of Columbia','20397');
INSERT INTO "Address" VALUES(18,'18136 Transport Plaza','Corpus Christi','Texas','78415');
INSERT INTO "Address" VALUES(19,'9 Westport Plaza','Tucson','Arizona','85748');
INSERT INTO "Address" VALUES(20,'2 Shoshone Drive','Los Angeles','California','90076');
INSERT INTO "Address" VALUES(21,'448 Chive Crossing','Cincinnati','Ohio','45296');
INSERT INTO "Address" VALUES(22,'8879 Kennedy Parkway','Salt Lake City','Utah','84145');
INSERT INTO "Address" VALUES(23,'30793 Charing Cross Park','Harrisburg','Pennsylvania','17110');
INSERT INTO "Address" VALUES(24,'96095 Carberry Pass','Birmingham','Alabama','35263');
INSERT INTO "Address" VALUES(25,'01268 Oxford Street','Denver','Colorado','80223');
INSERT INTO "Address" VALUES(26,'1 Holmberg Avenue','Huntsville','Alabama','35895');
INSERT INTO "Address" VALUES(27,'47576 Pankratz Street','Toledo','Ohio','43699');
INSERT INTO "Address" VALUES(28,'66 Brickson Park Avenue','Oakland','California','94616');
INSERT INTO "Address" VALUES(29,'07389 Rusk Place','Fort Wayne','Indiana','46857');
INSERT INTO "Address" VALUES(30,'7114 Union Terrace','Columbia','Missouri','65211');
INSERT INTO "Address" VALUES(31,'61 Glendale Drive','Fullerton','California','92640');
INSERT INTO "Address" VALUES(32,'6 Becker Trail','Santa Ana','California','92705');
INSERT INTO "Address" VALUES(33,'20472 Erie Way','Aurora','Illinois','60505');
INSERT INTO "Address" VALUES(34,'6 Hoffman Place','Atlanta','Georgia','31119');
INSERT INTO "Address" VALUES(35,'5 Utah Point','Paterson','New Jersey','07505');
INSERT INTO "Address" VALUES(36,'3590 Mifflin Junction','Canton','Ohio','44760');
INSERT INTO "Address" VALUES(37,'551 Anthes Crossing','Gatesville','Texas','76598');
INSERT INTO "Address" VALUES(38,'92206 Mitchell Crossing','Kent','Washington','98042');
INSERT INTO "Address" VALUES(39,'02819 Commercial Drive','Philadelphia','Pennsylvania','19178');
INSERT INTO "Address" VALUES(40,'872 Merry Trail','Fort Wayne','Indiana','46814');
INSERT INTO "Address" VALUES(41,'2 Golf Avenue','New York City','New York','10060');
INSERT INTO "Address" VALUES(42,'09044 Swallow Court','College Station','Texas','77844');
INSERT INTO "Address" VALUES(43,'2 Nevada Way','Beaverton','Oregon','97075');
INSERT INTO "Address" VALUES(44,'6 Vermont Drive','Waterloo','Iowa','50706');
INSERT INTO "Address" VALUES(45,'91 Anzinger Park','Bethesda','Maryland','20892');
INSERT INTO "Address" VALUES(46,'347 Stang Point','Young America','Minnesota','55564');
INSERT INTO "Address" VALUES(47,'97228 Mesta Terrace','Annapolis','Maryland','21405');
INSERT INTO "Address" VALUES(48,'7677 Jenifer Lane','Saint Louis','Missouri','63180');
INSERT INTO "Address" VALUES(49,'24482 Northwestern Place','Tulsa','Oklahoma','74170');
INSERT INTO "Address" VALUES(50,'89 Moose Street','Rochester','New York','14614');
INSERT INTO "Address" VALUES(51,'966 Kingsford Alley','Bloomington','Illinois','61709');
INSERT INTO "Address" VALUES(52,'04060 Hudson Street','Denver','Colorado','80217');
INSERT INTO "Address" VALUES(53,'0 East Trail','Amarillo','Texas','79105');
INSERT INTO "Address" VALUES(54,'43 Cody Center','San Antonio','Texas','78255');
INSERT INTO "Address" VALUES(55,'916 Armistice Circle','Omaha','Nebraska','68144');
INSERT INTO "Address" VALUES(56,'7 Northfield Junction','Springfield','Illinois','62794');
INSERT INTO "Address" VALUES(57,'6 Monica Crossing','Fresno','California','93773');
INSERT INTO "Address" VALUES(58,'33 Arkansas Point','Roanoke','Virginia','24004');
INSERT INTO "Address" VALUES(59,'38 Spaight Trail','Alexandria','Virginia','22309');
INSERT INTO "Address" VALUES(60,'82345 Ridgeview Junction','Ogden','Utah','84409');
INSERT INTO "Address" VALUES(61,'01028 Arizona Lane','Lancaster','California','93584');
INSERT INTO "Address" VALUES(62,'1399 Corry Park','Reno','Nevada','89510');
INSERT INTO "Address" VALUES(63,'7 Ridgeway Way','Cincinnati','Ohio','45271');
INSERT INTO "Address" VALUES(64,'8243 Arapahoe Center','Lubbock','Texas','79452');
INSERT INTO "Address" VALUES(65,'94 Crownhardt Circle','Pittsburgh','Pennsylvania','15274');
INSERT INTO "Address" VALUES(66,'337 Rusk Plaza','Naperville','Illinois','60567');
INSERT INTO "Address" VALUES(67,'491 Bluejay Center','Columbia','South Carolina','29203');
INSERT INTO "Address" VALUES(68,'97 Bay Plaza','Flint','Michigan','48505');
INSERT INTO "Address" VALUES(69,'2881 Chinook Pass','Anaheim','California','92825');
INSERT INTO "Address" VALUES(70,'373 Macpherson Parkway','Santa Cruz','California','95064');
INSERT INTO "Address" VALUES(71,'26627 Leroy Plaza','San Antonio','Texas','78296');
INSERT INTO "Address" VALUES(72,'305 Longview Parkway','Bethesda','Maryland','20816');
INSERT INTO "Address" VALUES(73,'3286 Waubesa Lane','Albuquerque','New Mexico','87195');
INSERT INTO "Address" VALUES(74,'7913 Golf Course Hill','Trenton','New Jersey','08638');
INSERT INTO "Address" VALUES(75,'3 Crest Line Park','Billings','Montana','59112');
INSERT INTO "Address" VALUES(76,'33 Shoshone Circle','New Brunswick','New Jersey','08922');
INSERT INTO "Address" VALUES(77,'9 Jay Crossing','Nashville','Tennessee','37228');
INSERT INTO "Address" VALUES(78,'443 Westend Circle','Muskegon','Michigan','49444');
INSERT INTO "Address" VALUES(79,'71242 Carey Trail','San Diego','California','92160');
INSERT INTO "Address" VALUES(80,'5 6th Drive','Fresno','California','93762');
INSERT INTO "Address" VALUES(81,'7 Sage Trail','Washington','District of Columbia','20062');
INSERT INTO "Address" VALUES(82,'51646 Dorton Road','Palatine','Illinois','60078');
INSERT INTO "Address" VALUES(83,'3283 Jackson Avenue','Naples','Florida','34102');
INSERT INTO "Address" VALUES(84,'59669 Elka Parkway','Washington','District of Columbia','20591');
INSERT INTO "Address" VALUES(85,'02 Anzinger Crossing','Huntsville','Alabama','35810');
INSERT INTO "Address" VALUES(86,'2 Cambridge Place','Asheville','North Carolina','28805');
INSERT INTO "Address" VALUES(87,'59506 Mayfield Avenue','Vero Beach','Florida','32964');
INSERT INTO "Address" VALUES(88,'5 Parkside Drive','Mesquite','Texas','75185');
INSERT INTO "Address" VALUES(89,'752 Almo Street','Montpelier','Vermont','05609');
INSERT INTO "Address" VALUES(90,'5617 Westport Pass','Albany','New York','12205');
INSERT INTO "Address" VALUES(91,'95 Valley Edge Trail','Charlotte','North Carolina','28242');
INSERT INTO "Address" VALUES(92,'42526 Evergreen Hill','Huntington','West Virginia','25711');
INSERT INTO "Address" VALUES(93,'21419 Boyd Place','Atlanta','Georgia','31119');
INSERT INTO "Address" VALUES(94,'4454 Rockefeller Drive','Saint Petersburg','Florida','33731');
INSERT INTO "Address" VALUES(95,'006 Cottonwood Trail','Aurora','Colorado','80044');
INSERT INTO "Address" VALUES(96,'8835 International Road','Fort Worth','Texas','76198');
INSERT INTO "Address" VALUES(97,'954 Rieder Place','Spokane','Washington','99210');
INSERT INTO "Address" VALUES(98,'38 Memorial Crossing','Honolulu','Hawaii','96815');
INSERT INTO "Address" VALUES(99,'3 Tony Park','El Paso','Texas','88535');
INSERT INTO "Address" VALUES(100,'19 Mcbride Plaza','Charlotte','North Carolina','28210');
INSERT INTO "Address" VALUES(101,'231 Di Loreto Circle','Hyattsville','Maryland','20784');
INSERT INTO "Address" VALUES(102,'85093 Lerdahl Court','Galveston','Texas','77554');
INSERT INTO "Address" VALUES(103,'733 Eagle Crest Crossing','Sacramento','California','95833');
INSERT INTO "Address" VALUES(104,'67 Garrison Trail','Miami','Florida','33134');
INSERT INTO "Address" VALUES(105,'52 Warbler Plaza','Dallas','Texas','75226');
INSERT INTO "Address" VALUES(106,'6884 Derek Plaza','Nashville','Tennessee','37210');
INSERT INTO "Address" VALUES(107,'2393 Wombat Drive','Columbus','Ohio','43212');
INSERT INTO "Address" VALUES(108,'0 Blackbird Drive','Jefferson City','Missouri','65110');
INSERT INTO "Address" VALUES(109,'557 Moland Alley','Springfield','Illinois','62718');
INSERT INTO "Address" VALUES(110,'571 Clarendon Junction','Fort Worth','Texas','76192');
INSERT INTO "Address" VALUES(111,'81 Valley Edge Center','Battle Creek','Michigan','49018');
INSERT INTO "Address" VALUES(112,'25 Delladonna Trail','Trenton','New Jersey','08608');
INSERT INTO "Address" VALUES(113,'00 Golf Course Road','Elizabeth','New Jersey','07208');
INSERT INTO "Address" VALUES(114,'56 Kennedy Parkway','Houston','Texas','77245');
INSERT INTO "Address" VALUES(115,'32 Buell Alley','San Antonio','Texas','78260');
INSERT INTO "Address" VALUES(116,'61173 Dorton Hill','Chicago','Illinois','60604');
INSERT INTO "Address" VALUES(117,'23 Elka Terrace','Bethesda','Maryland','20892');
INSERT INTO "Address" VALUES(118,'8870 Hagan Court','Chicago','Illinois','60604');
INSERT INTO "Address" VALUES(119,'0 Clemons Plaza','Atlanta','Georgia','30358');
INSERT INTO "Address" VALUES(120,'424 Onsgard Center','Knoxville','Tennessee','37931');
INSERT INTO "Address" VALUES(121,'56069 Marquette Street','Charleston','South Carolina','29411');
INSERT INTO "Address" VALUES(122,'564 Sundown Alley','Biloxi','Mississippi','39534');
INSERT INTO "Address" VALUES(123,'24 Kedzie Lane','Miami','Florida','33142');
INSERT INTO "Address" VALUES(124,'71 Manley Plaza','Pueblo','Colorado','81005');
INSERT INTO "Address" VALUES(125,'084 Johnson Lane','El Paso','Texas','88541');
INSERT INTO "Address" VALUES(126,'372 Aberg Junction','Washington','District of Columbia','20503');
INSERT INTO "Address" VALUES(127,'13 Johnson Crossing','Sarasota','Florida','34276');
INSERT INTO "Address" VALUES(128,'23 Shelley Lane','Birmingham','Alabama','35263');
INSERT INTO "Address" VALUES(129,'09950 Holy Cross Crossing','Oklahoma City','Oklahoma','73152');
INSERT INTO "Address" VALUES(130,'858 Dunning Plaza','Valley Forge','Pennsylvania','19495');
INSERT INTO "Address" VALUES(131,'16374 Mayfield Crossing','San Diego','California','92186');
INSERT INTO "Address" VALUES(132,'97 Bay Crossing','Columbus','Georgia','31998');
INSERT INTO "Address" VALUES(133,'177 Badeau Pass','Cincinnati','Ohio','45213');
INSERT INTO "Address" VALUES(134,'48 Mallory Plaza','Savannah','Georgia','31410');
INSERT INTO "Address" VALUES(135,'10232 Stuart Hill','Mobile','Alabama','36610');
INSERT INTO "Address" VALUES(136,'6 Claremont Circle','Sparks','Nevada','89436');
INSERT INTO "Address" VALUES(137,'8 Ludington Circle','Houston','Texas','77075');
INSERT INTO "Address" VALUES(138,'363 American Place','Peoria','Illinois','61640');
INSERT INTO "Address" VALUES(139,'9 Jana Center','Kansas City','Missouri','64153');
INSERT INTO "Address" VALUES(140,'4 Acker Way','Omaha','Nebraska','68117');
INSERT INTO "Address" VALUES(141,'73 Lighthouse Bay Place','Rockville','Maryland','20851');
INSERT INTO "Address" VALUES(142,'7 Marcy Alley','Cleveland','Ohio','44105');
INSERT INTO "Address" VALUES(143,'68184 Kenwood Road','Charleston','South Carolina','29403');
INSERT INTO "Address" VALUES(144,'046 Blaine Hill','Toledo','Ohio','43699');
INSERT INTO "Address" VALUES(145,'330 Toban Junction','Richmond','California','94807');
INSERT INTO "Address" VALUES(146,'0 Truax Junction','Arlington','Virginia','22225');
INSERT INTO "Address" VALUES(147,'5 Del Sol Hill','Sacramento','California','95894');
INSERT INTO "Address" VALUES(148,'7272 6th Street','Trenton','New Jersey','08603');
INSERT INTO "Address" VALUES(149,'3650 Mendota Lane','Spring','Texas','77386');
INSERT INTO "Address" VALUES(150,'44506 Trailsway Street','Montgomery','Alabama','36114');
INSERT INTO "Address" VALUES(151,'983 Hudson Center','Lexington','Kentucky','40596');
INSERT INTO "Address" VALUES(152,'54 Stang Lane','Philadelphia','Pennsylvania','19141');
INSERT INTO "Address" VALUES(153,'42 Anniversary Park','Winston Salem','North Carolina','27116');
INSERT INTO "Address" VALUES(154,'424 David Place','Delray Beach','Florida','33448');
INSERT INTO "Address" VALUES(155,'212 Starling Point','Topeka','Kansas','66611');
INSERT INTO "Address" VALUES(156,'7 Golf View Parkway','Rochester','New York','14604');
INSERT INTO "Address" VALUES(157,'09875 Veith Lane','Houston','Texas','77201');
INSERT INTO "Address" VALUES(158,'01 Arizona Center','Arlington','Texas','76096');
INSERT INTO "Address" VALUES(159,'0032 Amoth Road','Naples','Florida','33963');
INSERT INTO "Address" VALUES(160,'92937 Debra Street','Fort Lauderdale','Florida','33355');
INSERT INTO "Address" VALUES(161,'269 Manley Terrace','Portland','Oregon','97206');
INSERT INTO "Address" VALUES(162,'57 Dottie Alley','Erie','Pennsylvania','16565');
INSERT INTO "Address" VALUES(163,'38 Algoma Pass','Cincinnati','Ohio','45254');
INSERT INTO "Address" VALUES(164,'03 Spohn Terrace','Kansas City','Missouri','64109');
INSERT INTO "Address" VALUES(165,'867 Londonderry Circle','Orlando','Florida','32808');
INSERT INTO "Address" VALUES(166,'7 Sage Hill','Huntington','West Virginia','25709');
INSERT INTO "Address" VALUES(167,'99808 Sundown Avenue','Fort Myers','Florida','33994');
INSERT INTO "Address" VALUES(168,'761 Hagan Way','Denton','Texas','76210');
INSERT INTO "Address" VALUES(169,'625 Sheridan Street','Toledo','Ohio','43605');
INSERT INTO "Address" VALUES(170,'3714 Donald Park','Columbus','Ohio','43284');
INSERT INTO "Address" VALUES(171,'310 Kensington Pass','Santa Monica','California','90410');
INSERT INTO "Address" VALUES(172,'2 Dexter Plaza','Sarasota','Florida','34233');
INSERT INTO "Address" VALUES(173,'7665 Cascade Junction','Portsmouth','Virginia','23705');
INSERT INTO "Address" VALUES(174,'76938 Cordelia Way','Pompano Beach','Florida','33064');
INSERT INTO "Address" VALUES(175,'868 Laurel Lane','Seattle','Washington','98115');
INSERT INTO "Address" VALUES(176,'13 Fieldstone Pass','Spartanburg','South Carolina','29305');
INSERT INTO "Address" VALUES(177,'22 Scofield Point','Charlotte','North Carolina','28205');
INSERT INTO "Address" VALUES(178,'76 Sullivan Hill','Pocatello','Idaho','83206');
INSERT INTO "Address" VALUES(179,'11579 Badeau Court','San Diego','California','92191');
INSERT INTO "Address" VALUES(180,'4 Fairfield Center','Philadelphia','Pennsylvania','19093');
INSERT INTO "Address" VALUES(181,'31425 Melby Place','San Jose','California','95123');
INSERT INTO "Address" VALUES(182,'3 Shasta Place','Long Beach','California','90805');
INSERT INTO "Address" VALUES(183,'1265 Esker Way','North Hollywood','California','91606');
INSERT INTO "Address" VALUES(184,'64667 Melrose Drive','Baton Rouge','Louisiana','70815');
INSERT INTO "Address" VALUES(185,'56 American Place','Canton','Ohio','44760');
INSERT INTO "Address" VALUES(186,'1 Bonner Park','Washington','District of Columbia','20525');
INSERT INTO "Address" VALUES(187,'01 Dorton Road','Des Moines','Iowa','50335');
INSERT INTO "Address" VALUES(188,'7105 Cordelia Drive','Charlotte','North Carolina','28263');
INSERT INTO "Address" VALUES(189,'57 Columbus Drive','Arlington','Texas','76016');
INSERT INTO "Address" VALUES(190,'516 Mayer Drive','Oklahoma City','Oklahoma','73147');
INSERT INTO "Address" VALUES(191,'726 Northland Court','Memphis','Tennessee','38131');
INSERT INTO "Address" VALUES(192,'8 Grasskamp Hill','Bronx','New York','10474');
INSERT INTO "Address" VALUES(193,'66534 Hoepker Court','Richmond','Virginia','23213');
INSERT INTO "Address" VALUES(194,'04 Buell Drive','Lexington','Kentucky','40591');
INSERT INTO "Address" VALUES(195,'2 International Junction','Lubbock','Texas','79410');
INSERT INTO "Address" VALUES(196,'81501 Pearson Hill','El Paso','Texas','79989');
INSERT INTO "Address" VALUES(197,'4 Columbus Point','Grand Junction','Colorado','81505');
INSERT INTO "Address" VALUES(198,'1415 Sheridan Center','Dayton','Ohio','45403');
INSERT INTO "Address" VALUES(199,'17760 Grasskamp Center','Schenectady','New York','12305');
INSERT INTO "Address" VALUES(200,'0 Loftsgordon Lane','Akron','Ohio','44305');
INSERT INTO "Address" VALUES(201,'063 Dennis Road','Salt Lake City','Utah','84135');
INSERT INTO "Address" VALUES(202,'6726 Prentice Trail','Pueblo','Colorado','81010');
INSERT INTO "Address" VALUES(203,'03427 Clarendon Court','Cleveland','Ohio','44111');
INSERT INTO "Address" VALUES(204,'92 Vernon Terrace','Bonita Springs','Florida','34135');
INSERT INTO "Address" VALUES(205,'6 Marquette Alley','Albuquerque','New Mexico','87195');
INSERT INTO "Address" VALUES(206,'5 Truax Point','Albany','New York','12205');
INSERT INTO "Address" VALUES(207,'8 Oriole Hill','Plano','Texas','75074');
INSERT INTO "Address" VALUES(208,'85 Valley Edge Way','Washington','District of Columbia','20525');
INSERT INTO "Address" VALUES(209,'4 Eagan Avenue','Topeka','Kansas','66699');
INSERT INTO "Address" VALUES(210,'50 Coolidge Avenue','New York City','New York','10260');
INSERT INTO "Address" VALUES(211,'3 Briar Crest Trail','Pueblo','Colorado','81015');
INSERT INTO "Address" VALUES(212,'91 Service Parkway','Salt Lake City','Utah','84125');
INSERT INTO "Address" VALUES(213,'46364 Sheridan Point','Shawnee Mission','Kansas','66225');
INSERT INTO "Address" VALUES(214,'309 Northwestern Way','Rochester','New York','14646');
INSERT INTO "Address" VALUES(215,'69 Anniversary Alley','Salinas','California','93907');
DROP TABLE IF EXISTS "Author";
CREATE TABLE "Author" ("PersonID" INTEGER PRIMARY KEY NOT NULL ,"Favorites" INTEGER,"Rating" DOUBLE,"Birthdate" VARCHAR DEFAULT (null), FOREIGN KEY("PersonID") REFERENCES "Person(PersonID)" );
INSERT INTO "Author" VALUES(1,61,4,'3/31/1993');
INSERT INTO "Author" VALUES(2,33,4.9,'8/28/1995');
INSERT INTO "Author" VALUES(3,59,0.5,'10/16/1952');
INSERT INTO "Author" VALUES(4,83,2.3,'6/17/1991');
INSERT INTO "Author" VALUES(5,71,2.1,'5/20/1950');
INSERT INTO "Author" VALUES(6,5,3.4,'10/27/1955');
INSERT INTO "Author" VALUES(7,97,4.3,'11/10/1959');
INSERT INTO "Author" VALUES(8,43,0,'7/19/1952');
INSERT INTO "Author" VALUES(9,20,3.3,'1/11/1993');
INSERT INTO "Author" VALUES(10,35,3.5,'2/13/1992');
INSERT INTO "Author" VALUES(11,91,0.3,'8/7/1988');
INSERT INTO "Author" VALUES(12,65,0.9,'12/20/1988');
INSERT INTO "Author" VALUES(13,77,4.3,'9/25/1963');
INSERT INTO "Author" VALUES(14,42,0.2,'7/6/1963');
INSERT INTO "Author" VALUES(15,80,2,'4/30/1994');
INSERT INTO "Author" VALUES(16,97,1.3,'12/11/1961');
INSERT INTO "Author" VALUES(17,50,1.6,'8/16/1967');
INSERT INTO "Author" VALUES(18,38,1.9,'2/1/1950');
INSERT INTO "Author" VALUES(19,39,1.6,'11/18/1974');
INSERT INTO "Author" VALUES(20,77,4.4,'11/17/1985');
INSERT INTO "Author" VALUES(21,22,3.6,'6/23/1973');
INSERT INTO "Author" VALUES(22,2,4.8,'12/20/1963');
INSERT INTO "Author" VALUES(23,76,3.4,'1/30/1960');
INSERT INTO "Author" VALUES(24,84,2.2,'11/7/1991');
INSERT INTO "Author" VALUES(25,59,2.1,'4/29/1972');
INSERT INTO "Author" VALUES(26,84,4.1,'9/23/1965');
INSERT INTO "Author" VALUES(27,39,3.5,'8/15/1972');
INSERT INTO "Author" VALUES(28,42,2.5,'8/15/1988');
INSERT INTO "Author" VALUES(29,80,1.2,'5/29/1968');
INSERT INTO "Author" VALUES(30,40,2.1,'12/27/1972');
INSERT INTO "Author" VALUES(31,5,4.9,'5/9/1992');
INSERT INTO "Author" VALUES(32,88,0.4,'6/8/1982');
INSERT INTO "Author" VALUES(33,32,0.3,'1/12/1957');
INSERT INTO "Author" VALUES(34,78,3.4,'7/28/1959');
INSERT INTO "Author" VALUES(35,45,4.7,'5/16/1965');
INSERT INTO "Author" VALUES(36,15,1.5,'10/23/1954');
INSERT INTO "Author" VALUES(37,100,3.3,'1/6/1987');
INSERT INTO "Author" VALUES(38,17,2.9,'2/17/1991');
INSERT INTO "Author" VALUES(39,60,3.3,'6/5/1981');
INSERT INTO "Author" VALUES(40,80,4.3,'12/25/1959');
INSERT INTO "Author" VALUES(41,46,2.6,'11/1/1962');
INSERT INTO "Author" VALUES(42,11,3.5,'2/3/1993');
INSERT INTO "Author" VALUES(43,22,0.8,'5/11/1958');
INSERT INTO "Author" VALUES(44,73,4.8,'11/12/1983');
INSERT INTO "Author" VALUES(45,97,1.1,'4/11/1976');
INSERT INTO "Author" VALUES(46,11,1.1,'4/19/1952');
INSERT INTO "Author" VALUES(47,53,4.2,'4/28/1977');
INSERT INTO "Author" VALUES(48,8,0.2,'9/28/1988');
INSERT INTO "Author" VALUES(49,29,3.3,'7/26/1990');
INSERT INTO "Author" VALUES(50,62,4,'3/15/1964');
INSERT INTO "Author" VALUES(51,100,1.9,'2/15/1955');
INSERT INTO "Author" VALUES(52,13,0.8,'7/12/1992');
INSERT INTO "Author" VALUES(53,87,4,'4/29/1997');
INSERT INTO "Author" VALUES(54,7,4.5,'4/1/1974');
INSERT INTO "Author" VALUES(55,26,4,'12/13/1982');
INSERT INTO "Author" VALUES(56,17,0.1,'11/26/1980');
INSERT INTO "Author" VALUES(57,33,1.5,'2/20/1984');
INSERT INTO "Author" VALUES(58,1,4.1,'4/27/1972');
INSERT INTO "Author" VALUES(59,39,2.2,'7/5/1968');
INSERT INTO "Author" VALUES(60,77,0.3,'3/16/1963');
INSERT INTO "Author" VALUES(61,7,0.9,'9/9/1963');
INSERT INTO "Author" VALUES(62,48,2.3,'6/2/1973');
INSERT INTO "Author" VALUES(63,2,1,'9/16/1970');
INSERT INTO "Author" VALUES(64,10,3.9,'1/12/1952');
INSERT INTO "Author" VALUES(65,0,3.9,'12/1/1995');
INSERT INTO "Author" VALUES(66,4,0.1,'9/5/1997');
INSERT INTO "Author" VALUES(67,82,2.3,'7/1/1989');
INSERT INTO "Author" VALUES(68,45,2,'1/29/1965');
INSERT INTO "Author" VALUES(69,64,2.6,'12/26/1961');
INSERT INTO "Author" VALUES(70,52,4.8,'12/27/1955');
INSERT INTO "Author" VALUES(71,41,2.8,'10/29/1970');
INSERT INTO "Author" VALUES(72,81,4.3,'5/11/1962');
INSERT INTO "Author" VALUES(73,63,1.6,'10/25/1950');
INSERT INTO "Author" VALUES(74,27,0.4,'11/14/1951');
INSERT INTO "Author" VALUES(75,40,3.7,'11/10/1952');
INSERT INTO "Author" VALUES(76,43,4,'9/25/1988');
INSERT INTO "Author" VALUES(77,87,0,'12/26/1994');
INSERT INTO "Author" VALUES(78,39,3.7,'5/19/1977');
INSERT INTO "Author" VALUES(79,12,3.4,'3/31/1966');
INSERT INTO "Author" VALUES(80,80,4.2,'10/12/1994');
INSERT INTO "Author" VALUES(81,66,4,'10/17/1988');
INSERT INTO "Author" VALUES(82,64,4.1,'8/3/1974');
INSERT INTO "Author" VALUES(83,69,2.6,'3/30/1991');
INSERT INTO "Author" VALUES(84,38,1,'7/11/1952');
INSERT INTO "Author" VALUES(85,95,2.7,'6/29/1982');
INSERT INTO "Author" VALUES(86,94,2.7,'10/8/1975');
INSERT INTO "Author" VALUES(87,5,3.3,'5/23/1971');
INSERT INTO "Author" VALUES(88,81,3.3,'12/7/1984');
INSERT INTO "Author" VALUES(89,37,2.8,'12/28/1982');
INSERT INTO "Author" VALUES(90,63,1.3,'9/29/1970');
INSERT INTO "Author" VALUES(91,11,4,'4/13/1996');
INSERT INTO "Author" VALUES(92,28,0.5,'4/17/1996');
INSERT INTO "Author" VALUES(93,1,0.9,'1/7/1971');
INSERT INTO "Author" VALUES(94,17,3.3,'11/26/1984');
INSERT INTO "Author" VALUES(95,61,1.4,'12/9/1950');
INSERT INTO "Author" VALUES(96,26,3.9,'7/26/1975');
INSERT INTO "Author" VALUES(97,46,3.7,'9/21/1978');
INSERT INTO "Author" VALUES(98,49,2,'3/17/1985');
INSERT INTO "Author" VALUES(99,16,0.6,'9/30/1994');
INSERT INTO "Author" VALUES(100,100,3.5,'6/21/1960');
INSERT INTO "Author" VALUES(101,89,4.7,'5/5/1979');
INSERT INTO "Author" VALUES(102,27,2.5,'9/7/1953');
INSERT INTO "Author" VALUES(103,13,3.7,'12/4/1972');
INSERT INTO "Author" VALUES(104,72,0.5,'4/12/1990');
INSERT INTO "Author" VALUES(105,53,0.2,'6/26/1952');
INSERT INTO "Author" VALUES(106,58,2.2,'11/6/1996');
INSERT INTO "Author" VALUES(107,17,4.1,'3/22/1994');
DROP TABLE IF EXISTS "Book";
CREATE TABLE "Book" ("ISBN" VARCHAR PRIMARY KEY  NOT NULL ,"Price" DOUBLE DEFAULT (null) ,"Year" INTEGER,"Title" VARCHAR,"Category" VARCHAR DEFAULT (null) ,"Stock" INTEGER DEFAULT (0) );
INSERT INTO "Book" VALUES('782140661',104.97,2002,'OCP: Oracle9i Certification Kit','Computer',42);
INSERT INTO "Book" VALUES('72227885',34.99,2003,'SQL Server 2000 for Experienced DBA''s','Computer',45);
INSERT INTO "Book" VALUES('471200247',50,2002,'The Data Warehouse Toolkit: The Complete Guide to Dimensional Modeling','Computer',19);
INSERT INTO "Book" VALUES('72227710',17.49,2003,'How To Do Everything with Your Tablet PC','Computer',32);
INSERT INTO "Book" VALUES('1558605525',49.95,1999,'Data Mining: Practical Machine Learning Tools and Techniques with Java Implementations','Computer',15);
INSERT INTO "Book" VALUES('972263608',99,2002,'Creating Documents with BusinessObjects 5.1','Computer',24);
INSERT INTO "Book" VALUES('201615762',38.49,2000,'The Guru''s Guide to Transact-SQL','Computer',17);
INSERT INTO "Book" VALUES('782140114',69.99,2001,'Access 2002 Developer''s Handbook Set','Computer',15);
INSERT INTO "Book" VALUES('321125169',38.49,2002,'ColdFusion MX Web Application Construction Kit','Computer',48);
INSERT INTO "Book" VALUES('805317554',95,1999,'Fundamentals of Database Systems ','Computer',33);
INSERT INTO "Book" VALUES('1861004486',41.99,2000,'Professional SQL Server 2000 Programming','Computer',12);
INSERT INTO "Book" VALUES('735712123',34.99,2003,'MySQL','Computer',2);
INSERT INTO "Book" VALUES('425188361',16.07,2003,'Cerulean Sins','Literature & Fiction',45);
INSERT INTO "Book" VALUES('142001740',14,2003,'The Secret Life of Bees','Literature & Fiction',16);
INSERT INTO "Book" VALUES('596004478',24.95,2003,'Google Hacks','Computer',14);
INSERT INTO "Book" VALUES('71414339',18.95,2003,'Investing in Fixer-Uppers : A Complete Guide to Buying Low, Fixing Smart, Adding Value, and Selling (or Renting) High','Accounting & Finance',44);
INSERT INTO "Book" VALUES('312311354',13,2003,'The Pianist','Literature & Fiction',6);
INSERT INTO "Book" VALUES('312287941',25.95,2002,'The Girl in the Red Coat: A Memoir','Literature & Fiction',27);
INSERT INTO "Book" VALUES('312243022',3.44,2000,'The Hours','Literature & Fiction',3);
INSERT INTO "Book" VALUES('609610570',27.5,2002,'Execution: The Discipline of Getting Things Done','Reference',2);
INSERT INTO "Book" VALUES('316602051',27.95,2003,'The Jester','Literature & Fiction',38);
INSERT INTO "Book" VALUES('743222008',25,2003,'The Vanished Man: A Lincoln Rhyme Novel','Literature & Fiction',42);
INSERT INTO "Book" VALUES('66214750',25.95,2003,'Twelve Times Blessed','Literature & Fiction',1);
INSERT INTO "Book" VALUES('787960756',13.2,2002,'The Five Dysfunctions of a Team: A Leadership Fable','Accounting & Finance',47);
INSERT INTO "Book" VALUES('743206061',26,2003,'The Second Time Around','Accounting & Finance',37);
INSERT INTO "Book" VALUES('1590520734',12.99,2003,'The Rescuer: The O''Malley Series','Romance',25);
INSERT INTO "Book" VALUES('60934417',13.95,2002,'Bel Canto: A Novel','Romance',4);
INSERT INTO "Book" VALUES('440237556',6.99,2002,'The Dark Highlander','Romance',18);
INSERT INTO "Book" VALUES('373272839',4.75,2003,'Letters to Kelly','Romance',15);
INSERT INTO "Book" VALUES('670031518',27.95,2002,'The Blank Slate: The Modern Denial of Human Nature','Science',14);
INSERT INTO "Book" VALUES('738206679',26,2002,'Linked: The New Science of Networks','Science',32);
INSERT INTO "Book" VALUES('067976867X',15,1999,'Consilience: The Unity of Knowledge','Science',20);
INSERT INTO "Book" VALUES('679450785',22,2002,'The Future of Life','Science',25);
INSERT INTO "Book" VALUES('1579550088',44.95,2002,'A New Kind of Science','Science',2);
INSERT INTO "Book" VALUES('684843285',22,1997,'ON FOOD AND COOKING','Science',46);
INSERT INTO "Book" VALUES('471358983',40,2000,'Building Construction Illustrated','Home Design',21);
INSERT INTO "Book" VALUES('394739698',24.95,1984,'A Field Guide to American Houses','Home Design',16);
INSERT INTO "Book" VALUES('1586851322',39.95,2002,'Prefab','Home Design',48);
INSERT INTO "Book" VALUES('1586851357',60,2002,'Cabins & Camps','Home Design',4);
INSERT INTO "Book" VALUES('156158648X',24.95,2003,'The New City Home: Smart Solutions for Metro Living','Home Design',44);
INSERT INTO "Book" VALUES('865659982',50,1998,'Composers'' Houses','Home Design',12);
INSERT INTO "Book" VALUES('517576600',50,1992,'Color: Natural Palettes for Painted Rooms','Home Design',7);
INSERT INTO "Book" VALUES('262024829',70,2000,'Financial Modeling ','Accounting & Finance',36);
INSERT INTO "Book" VALUES('72294337',122.5,2001,'Financial Markets & Corporate Strategy','Accounting & Finance',37);
INSERT INTO "Book" VALUES('72315318',79.2,2000,'Analysis for Financial Management','Accounting & Finance',32);
INSERT INTO "Book" VALUES('324107501',112.95,2001,'Advanced Accounting','Accounting & Finance',31);
INSERT INTO "Book" VALUES('471363049',139.2,2001,'Intermediate Accounting','Accounting & Finance',37);
INSERT INTO "Book" VALUES('130323519',126.67,2001,'Financial Reporting and Analysis ','Accounting & Finance',44);
INSERT INTO "Book" VALUES('446527793',24.95,2003,'The Guardian','Literature & Fiction',29);
INSERT INTO "Book" VALUES('743244249',25,2003,'Cosmopolis: A Novel','Literature & Fiction',33);
INSERT INTO "Book" VALUES('743467523',7.99,2003,'Dreamcatcher','Horror',30);
INSERT INTO "Book" VALUES('375703764',19.95,2000,'House of Leaves','Horror',42);
INSERT INTO "Book" VALUES('345452089',6.99,2003,'The Vampire''s Violin','Horror',14);
INSERT INTO "Book" VALUES('385504470',17.47,2002,'Lullaby: A Novel','Horror',30);
INSERT INTO "Book" VALUES('312276702',24.95,2003,'Jinn: A Novel','Horror',36);
INSERT INTO "Book" VALUES('743457358',7.99,2002,'Everything''s Eventual: 14 Dark Tales','Horror',39);
INSERT INTO "Book" VALUES('1880418568',35,2003,'Wolves of the Calla ','Horror',38);
INSERT INTO "Book" VALUES('743455967',7.99,2002,'On Writing','Horror',21);
INSERT INTO "Book" VALUES('140077022',14,1991,'White Noise ','Literature & Fiction',33);
INSERT INTO "Book" VALUES('679722955',11.2,1989,'The Names','Literature & Fiction',39);
INSERT INTO "Book" VALUES('684848155',16,1998,'UNDERWORLD: A NOVEL','Literature & Fiction',3);
INSERT INTO "Book" VALUES('471286168',39.95,1996,'Architecture: Form, Space, and Order','Home Design',18);
INSERT INTO "Book" VALUES('471288217',39.95,1996,'A Visual Dictionary of Architecture','Home Design',43);
INSERT INTO "Book" VALUES('156006219',13,1998,'The Magician''s Assistant','Romance',19);
INSERT INTO "Book" VALUES('60540753',13.95,2003,'Patron Saint of Liars','Romance',22);
INSERT INTO "Book" VALUES('393318486',17.95,1999,'How the Mind Works','Science',35);
INSERT INTO "Book" VALUES('60958332',10.5,2000,'The Language Instinct: How the Mind Creates Language','Science',8);
INSERT INTO "Book" VALUES('60958405',15,2000,'Words and Rules: The Ingredients of Language','Science',8);
INSERT INTO "Book" VALUES('393319407',16.95,1999,'The Diversity of Life','Science',40);
INSERT INTO "Book" VALUES('067463442X',18.95,1988,'On Human Nature','Science',46);
INSERT INTO "Book" VALUES('446608955',6.99,2000,'A Walk to Remember','Literature & Fiction',38);
INSERT INTO "Book" VALUES('446676098',12.95,1999,'The Notebook','Literature & Fiction',14);
INSERT INTO "Book" VALUES('446606812',7.5,1999,'Message in a Bottle','Literature & Fiction',6);
INSERT INTO "Book" VALUES('262521415',35,1989,'Numerical Techniques in Finance','Accounting & Finance',47);
INSERT INTO "Book" VALUES('262232197',74.95,2001,'Econometric Analysis of Cross Section and Panel Data','Accounting & Finance',29);
INSERT INTO "Book" VALUES('324113641',107.95,2002,'Introductory Econometrics: A Modern Approach','Accounting & Finance',43);
INSERT INTO "Book" VALUES('471391123',50,2000,'Beyond Coso : Internal Control to Enhance Corporate Governance','Accounting & Finance',27);
INSERT INTO "Book" VALUES('130998516',83,1999,'Real World FPGA Design with Verilog','Computer',44);
INSERT INTO "Book" VALUES('1565924916',39.95,2003,'Ldap System Administration','Computer',18);
INSERT INTO "Book" VALUES('735712360',39.99,2003,'The Photoshop Book for Digital Photographers','Computer',12);
INSERT INTO "Book" VALUES('735712379',39.99,2002,'Photoshop 7 Down & Dirty Tricks','Computer',36);
INSERT INTO "Book" VALUES('735713170',29.99,2002,'Mac OS X v. 10.2 Jaguar Killer Tips','Computer',35);
INSERT INTO "Book" VALUES('1558606432',34.95,2002,'Persuasive Technology: Using Computers to Change What We Think and Do','Computer',2);
INSERT INTO "Book" VALUES('72222743',59.99,2002,'A+ Certification All-in-One Exam Guide','Computer',11);
INSERT INTO "Book" VALUES('345409469',14.95,1997,'The Demon-Haunted World: Science As a Candle in the Dark','Science',46);
INSERT INTO "Book" VALUES('375508325',35,2002,'Cosmos','Science',34);
INSERT INTO "Book" VALUES('345336895',6.99,1993,'Broca''s Brain: Reflections on the Romance of Science','Science',23);
INSERT INTO "Book" VALUES('671004107',7.99,1997,'Contact','Science',5);
INSERT INTO "Book" VALUES('345376595',12.95,1997,'Pale Blue Dot: A Vision of the Human Future in Space','Science',2);
INSERT INTO "Book" VALUES('316666343',21.95,2002,'The Lovely Bones: A Novel','Literature & Fiction',28);
INSERT INTO "Book" VALUES('316096199',11.95,2002,'Lucky: A Memoir','Literature & Fiction',14);
INSERT INTO "Book" VALUES('038572179X',14,2003,'Atonement','Literature & Fiction',2);
INSERT INTO "Book" VALUES('385494246',12,1999,'Amsterdam','Literature & Fiction',7);
INSERT INTO "Book" VALUES('385494327',14,1999,'Black Dogs','Literature & Fiction',29);
INSERT INTO "Book" VALUES('385494149',13,1999,'Enduring Love','Literature & Fiction',24);
INSERT INTO "Book" VALUES('399149848',25.95,2003,'Birthright','Literature & Fiction',46);
INSERT INTO "Book" VALUES('373218192',7.5,2003,'Engaging The Enemy','Literature & Fiction',48);
INSERT INTO "Book" VALUES('373218257',14.95,2003,'Love By Design','Literature & Fiction',35);
INSERT INTO "Book" VALUES('399149392',25.95,2002,'Chesapeake Blue','Literature & Fiction',3);
INSERT INTO "Book" VALUES('1561584029',39.95,2001,'The Complete Illustrated Guide to Furniture and Cabinet Construction','Home Design',35);
INSERT INTO "Book" VALUES('1579902944',19.95,2002,'Choosing & Using Hand Tools','Home Design',2);
INSERT INTO "Book" VALUES('1561586196',19.95,2003,'Building a Shed','Home Design',3);
INSERT INTO "Book" VALUES('61092177',7.99,1994,'Small Gods','Fantasy',40);
INSERT INTO "Book" VALUES('60502935',7.99,2005,'Going Postal','Fantasy',45);
INSERT INTO "Book" VALUES('61020656',7.99,2001,'Pyramids','Fantasy',15);
INSERT INTO "Book" VALUES('60855925',13.99,2005,'The Color of Magic','Fantasy',38);
INSERT INTO "Book" VALUES('61020648',7.99,2001,'Guards! Guards!','Fantasy',16);
INSERT INTO "Book" VALUES('61161721',7.99,2010,'Unseen Academicals','Fantasy',25);
DROP TABLE IF EXISTS "Customer";
CREATE TABLE "Customer" ("PersonID" INTEGER PRIMARY KEY  NOT NULL ,"EmailAddress" VARCHAR DEFAULT (null), FOREIGN KEY ("PersonID") REFERENCES "Person(PersonID)" );
INSERT INTO "Customer" VALUES(1,'mevans0@admin.ch');
INSERT INTO "Customer" VALUES(2,'tberry1@who.int');
INSERT INTO "Customer" VALUES(3,'jhanson2@symantec.com');
INSERT INTO "Customer" VALUES(4,'khunter3@loc.gov');
INSERT INTO "Customer" VALUES(5,'mknight4@nifty.com');
INSERT INTO "Customer" VALUES(6,'adiaz5@hostgator.com');
INSERT INTO "Customer" VALUES(7,'dmyers6@microsoft.com');
INSERT INTO "Customer" VALUES(8,'tmccoy7@t.co');
INSERT INTO "Customer" VALUES(9,'dbrown8@noaa.gov');
INSERT INTO "Customer" VALUES(10,'janderson9@jugem.jp');
INSERT INTO "Customer" VALUES(11,'mwheelera@wp.com');
INSERT INTO "Customer" VALUES(12,'cstevensb@feedburner.com');
INSERT INTO "Customer" VALUES(13,'jgreenc@studiopress.com');
INSERT INTO "Customer" VALUES(14,'djohnsond@apple.com');
INSERT INTO "Customer" VALUES(15,'mduncane@mlb.com');
INSERT INTO "Customer" VALUES(16,'emccoyf@ox.ac.uk');
INSERT INTO "Customer" VALUES(17,'tjacobsg@ft.com');
INSERT INTO "Customer" VALUES(18,'jjonesh@zdnet.com');
INSERT INTO "Customer" VALUES(19,'icruzi@microsoft.com');
INSERT INTO "Customer" VALUES(20,'crosej@goo.ne.jp');
INSERT INTO "Customer" VALUES(21,'pjonesk@cbsnews.com');
INSERT INTO "Customer" VALUES(22,'dfloresl@paginegialle.it');
INSERT INTO "Customer" VALUES(23,'nalexanderm@sohu.com');
INSERT INTO "Customer" VALUES(24,'abryantn@epa.gov');
INSERT INTO "Customer" VALUES(25,'slopezo@parallels.com');
INSERT INTO "Customer" VALUES(26,'aramosp@ftc.gov');
INSERT INTO "Customer" VALUES(27,'cmoralesq@cmu.edu');
INSERT INTO "Customer" VALUES(28,'mwagnerr@adobe.com');
INSERT INTO "Customer" VALUES(29,'dreyess@instagram.com');
INSERT INTO "Customer" VALUES(30,'cgordont@adobe.com');
INSERT INTO "Customer" VALUES(31,'jwarrenu@pinterest.com');
INSERT INTO "Customer" VALUES(32,'kcooperv@furl.net');
INSERT INTO "Customer" VALUES(33,'mshaww@exblog.jp');
INSERT INTO "Customer" VALUES(34,'lknightx@twitpic.com');
INSERT INTO "Customer" VALUES(35,'jgutierrezy@drupal.org');
INSERT INTO "Customer" VALUES(36,'rriveraz@disqus.com');
INSERT INTO "Customer" VALUES(37,'pcole10@dagondesign.com');
INSERT INTO "Customer" VALUES(38,'rhamilton11@tumblr.com');
INSERT INTO "Customer" VALUES(39,'jstanley12@rakuten.co.jp');
INSERT INTO "Customer" VALUES(40,'aruiz13@bandcamp.com');
INSERT INTO "Customer" VALUES(41,'mgray14@ask.com');
INSERT INTO "Customer" VALUES(42,'jstanley15@cmu.edu');
INSERT INTO "Customer" VALUES(43,'drobinson16@hatena.ne.jp');
INSERT INTO "Customer" VALUES(44,'kgarrett17@slashdot.org');
INSERT INTO "Customer" VALUES(45,'jross18@delicious.com');
INSERT INTO "Customer" VALUES(46,'bromero19@seesaa.net');
INSERT INTO "Customer" VALUES(47,'cwest1a@tinypic.com');
INSERT INTO "Customer" VALUES(48,'kporter1b@npr.org');
INSERT INTO "Customer" VALUES(49,'mferguson1c@senate.gov');
INSERT INTO "Customer" VALUES(50,'bjohnston1d@comsenz.com');
INSERT INTO "Customer" VALUES(51,'rcarpenter1e@tamu.edu');
INSERT INTO "Customer" VALUES(52,'eford1f@netscape.com');
INSERT INTO "Customer" VALUES(53,'jrussell1g@cbslocal.com');
INSERT INTO "Customer" VALUES(54,'scruz1h@scribd.com');
INSERT INTO "Customer" VALUES(55,'lyoung1i@shutterfly.com');
INSERT INTO "Customer" VALUES(56,'mpierce1j@icq.com');
INSERT INTO "Customer" VALUES(57,'chenderson1k@facebook.com');
INSERT INTO "Customer" VALUES(58,'kpeterson1l@eventbrite.com');
INSERT INTO "Customer" VALUES(59,'rward1m@un.org');
INSERT INTO "Customer" VALUES(60,'tcarr1n@hp.com');
INSERT INTO "Customer" VALUES(61,'sperry1o@marriott.com');
INSERT INTO "Customer" VALUES(62,'salexander1p@surveymonkey.com');
INSERT INTO "Customer" VALUES(63,'jcooper1q@creativecommons.org');
INSERT INTO "Customer" VALUES(64,'anelson1r@about.com');
INSERT INTO "Customer" VALUES(65,'rjordan1s@hc360.com');
INSERT INTO "Customer" VALUES(66,'dgreene1t@tamu.edu');
INSERT INTO "Customer" VALUES(67,'jlarson1u@earthlink.net');
INSERT INTO "Customer" VALUES(68,'pjames1v@prnewswire.com');
INSERT INTO "Customer" VALUES(69,'sday1w@theguardian.com');
INSERT INTO "Customer" VALUES(70,'sarmstrong1x@examiner.com');
INSERT INTO "Customer" VALUES(71,'ssmith1y@huffingtonpost.com');
INSERT INTO "Customer" VALUES(72,'dwebb1z@sciencedirect.com');
INSERT INTO "Customer" VALUES(73,'ssimmons20@vkontakte.ru');
INSERT INTO "Customer" VALUES(74,'pnelson21@buzzfeed.com');
INSERT INTO "Customer" VALUES(75,'krivera22@icio.us');
INSERT INTO "Customer" VALUES(76,'jadams23@skype.com');
INSERT INTO "Customer" VALUES(77,'slarson24@howstuffworks.com');
INSERT INTO "Customer" VALUES(78,'dreyes25@ucoz.ru');
INSERT INTO "Customer" VALUES(79,'gday26@google.com.au');
INSERT INTO "Customer" VALUES(80,'lfreeman27@hugedomains.com');
INSERT INTO "Customer" VALUES(81,'mbishop28@e-recht24.de');
INSERT INTO "Customer" VALUES(82,'kryan29@skype.com');
INSERT INTO "Customer" VALUES(83,'jwelch2a@mtv.com');
INSERT INTO "Customer" VALUES(84,'wmurray2b@biblegateway.com');
INSERT INTO "Customer" VALUES(85,'lhicks2c@pcworld.com');
INSERT INTO "Customer" VALUES(86,'msullivan2d@nydailynews.com');
INSERT INTO "Customer" VALUES(87,'kward2e@blogger.com');
INSERT INTO "Customer" VALUES(88,'rday2f@issuu.com');
INSERT INTO "Customer" VALUES(89,'dsanchez2g@4shared.com');
INSERT INTO "Customer" VALUES(90,'kday2h@salon.com');
INSERT INTO "Customer" VALUES(91,'hreynolds2i@gnu.org');
INSERT INTO "Customer" VALUES(92,'dmcdonald2j@bloglines.com');
INSERT INTO "Customer" VALUES(93,'creynolds2k@feedburner.com');
INSERT INTO "Customer" VALUES(94,'aramos2l@bloomberg.com');
INSERT INTO "Customer" VALUES(95,'fcunningham2m@imdb.com');
INSERT INTO "Customer" VALUES(96,'krivera2n@telegraph.co.uk');
INSERT INTO "Customer" VALUES(97,'amartinez2o@ucsd.edu');
INSERT INTO "Customer" VALUES(98,'emason2p@quantcast.com');
INSERT INTO "Customer" VALUES(99,'rfowler2q@ning.com');
INSERT INTO "Customer" VALUES(100,'fowens2r@vimeo.com');
INSERT INTO "Customer" VALUES(101,'cwoods2s@is.gd');
INSERT INTO "Customer" VALUES(102,'rhicks2t@yellowpages.com');
INSERT INTO "Customer" VALUES(103,'mbennett2u@delicious.com');
INSERT INTO "Customer" VALUES(104,'akim2v@addtoany.com');
INSERT INTO "Customer" VALUES(105,'hwright2w@1688.com');
INSERT INTO "Customer" VALUES(106,'scarr2x@ning.com');
INSERT INTO "Customer" VALUES(107,'nthompson2y@weebly.com');
INSERT INTO "Customer" VALUES(108,'vstevens2z@usgs.gov');
INSERT INTO "Customer" VALUES(109,'dclark30@youku.com');
INSERT INTO "Customer" VALUES(110,'lberry31@hc360.com');
INSERT INTO "Customer" VALUES(111,'plong32@washington.edu');
INSERT INTO "Customer" VALUES(112,'bcunningham33@youtube.com');
INSERT INTO "Customer" VALUES(113,'hlane34@domainmarket.com');
INSERT INTO "Customer" VALUES(114,'bpayne35@domainmarket.com');
INSERT INTO "Customer" VALUES(115,'bcastillo36@home.pl');
INSERT INTO "Customer" VALUES(116,'rmontgomery37@hugedomains.com');
INSERT INTO "Customer" VALUES(117,'jford38@unblog.fr');
INSERT INTO "Customer" VALUES(118,'sberry39@reference.com');
INSERT INTO "Customer" VALUES(119,'dhudson3a@naver.com');
INSERT INTO "Customer" VALUES(120,'jrichards3b@domainmarket.com');
INSERT INTO "Customer" VALUES(121,'fkim3c@comcast.net');
INSERT INTO "Customer" VALUES(122,'sporter3d@buzzfeed.com');
INSERT INTO "Customer" VALUES(123,'ssanchez3e@latimes.com');
INSERT INTO "Customer" VALUES(124,'wmontgomery3f@freewebs.com');
INSERT INTO "Customer" VALUES(125,'elarson3g@altervista.org');
INSERT INTO "Customer" VALUES(126,'ljohnson3h@prweb.com');
INSERT INTO "Customer" VALUES(127,'jkim3i@reddit.com');
DROP TABLE IF EXISTS "Customer_Info";
CREATE TABLE "Customer_Info" ("EmailAddress" VARCHAR PRIMARY KEY  NOT NULL  DEFAULT (null) ,"Preferences" VARCHAR,"Password" VARCHAR);
INSERT INTO "Customer_Info" VALUES('mevans0@admin.ch','Literature & Fiction','vo60rgCqWDqB');
INSERT INTO "Customer_Info" VALUES('tberry1@who.int','Literature & Fiction','XLWcPBaKCAr');
INSERT INTO "Customer_Info" VALUES('jhanson2@symantec.com','Accounting & Finance','vNDCjr');
INSERT INTO "Customer_Info" VALUES('khunter3@loc.gov','Accounting & Finance','lAY6nckAGU');
INSERT INTO "Customer_Info" VALUES('mknight4@nifty.com','Romance','4wDUDFFiWILh');
INSERT INTO "Customer_Info" VALUES('adiaz5@hostgator.com','Romance','MK7qNfTan');
INSERT INTO "Customer_Info" VALUES('dmyers6@microsoft.com','Romance','NptUt1VL');
INSERT INTO "Customer_Info" VALUES('tmccoy7@t.co','Romance','6srP79T0S');
INSERT INTO "Customer_Info" VALUES('dbrown8@noaa.gov','Science','yiEoq4al1GC');
INSERT INTO "Customer_Info" VALUES('janderson9@jugem.jp','Science','dQTSUYHT');
INSERT INTO "Customer_Info" VALUES('mwheelera@wp.com','Science','2kvkNIR5scCu');
INSERT INTO "Customer_Info" VALUES('cstevensb@feedburner.com','Science','Czin27IpGoD');
INSERT INTO "Customer_Info" VALUES('jgreenc@studiopress.com','Science','tYnUx46ml');
INSERT INTO "Customer_Info" VALUES('djohnsond@apple.com','Science','xKrKtcb2A');
INSERT INTO "Customer_Info" VALUES('mduncane@mlb.com','Home Design','KocnrO');
INSERT INTO "Customer_Info" VALUES('emccoyf@ox.ac.uk','Computer','qdDNTZc0tB');
INSERT INTO "Customer_Info" VALUES('tjacobsg@ft.com','Horror','O6YCD0df');
INSERT INTO "Customer_Info" VALUES('jjonesh@zdnet.com','Fantasy','DqjbxKQ');
INSERT INTO "Customer_Info" VALUES('icruzi@microsoft.com','Computer','ZxiB4HvumYQE');
INSERT INTO "Customer_Info" VALUES('crosej@goo.ne.jp','Fantasy','ESEEsi');
INSERT INTO "Customer_Info" VALUES('pjonesk@cbsnews.com','Literature & Fiction','vo60rgCqWDqB');
INSERT INTO "Customer_Info" VALUES('dfloresl@paginegialle.it','Literature & Fiction','XLWcPBaKCAr');
INSERT INTO "Customer_Info" VALUES('nalexanderm@sohu.com','Accounting & Finance','vNDCjr');
INSERT INTO "Customer_Info" VALUES('abryantn@epa.gov','Accounting & Finance','lAY6nckAGU');
INSERT INTO "Customer_Info" VALUES('slopezo@parallels.com','Romance','4wDUDFFiWILh');
INSERT INTO "Customer_Info" VALUES('aramosp@ftc.gov','Romance','MK7qNfTan');
INSERT INTO "Customer_Info" VALUES('cmoralesq@cmu.edu','Romance','NptUt1VL');
INSERT INTO "Customer_Info" VALUES('mwagnerr@adobe.com','Romance','6srP79T0S');
INSERT INTO "Customer_Info" VALUES('dreyess@instagram.com','Science','yiEoq4al1GC');
INSERT INTO "Customer_Info" VALUES('cgordont@adobe.com','Science','dQTSUYHT');
INSERT INTO "Customer_Info" VALUES('jwarrenu@pinterest.com','Science','2kvkNIR5scCu');
INSERT INTO "Customer_Info" VALUES('kcooperv@furl.net','Science','Czin27IpGoD');
INSERT INTO "Customer_Info" VALUES('mshaww@exblog.jp','Science','tYnUx46ml');
INSERT INTO "Customer_Info" VALUES('lknightx@twitpic.com','Science','xKrKtcb2A');
INSERT INTO "Customer_Info" VALUES('jgutierrezy@drupal.org','Home Design','KocnrO');
INSERT INTO "Customer_Info" VALUES('rriveraz@disqus.com','Computer','qdDNTZc0tB');
INSERT INTO "Customer_Info" VALUES('pcole10@dagondesign.com','Horror','O6YCD0df');
INSERT INTO "Customer_Info" VALUES('rhamilton11@tumblr.com','Fantasy','DqjbxKQ');
INSERT INTO "Customer_Info" VALUES('jstanley12@rakuten.co.jp','Computer','ZxiB4HvumYQE');
INSERT INTO "Customer_Info" VALUES('aruiz13@bandcamp.com','Fantasy','ESEEsi');
INSERT INTO "Customer_Info" VALUES('mgray14@ask.com','Literature & Fiction','vo60rgCqWDqB');
INSERT INTO "Customer_Info" VALUES('jstanley15@cmu.edu','Literature & Fiction','XLWcPBaKCAr');
INSERT INTO "Customer_Info" VALUES('drobinson16@hatena.ne.jp','Accounting & Finance','vNDCjr');
INSERT INTO "Customer_Info" VALUES('kgarrett17@slashdot.org','Accounting & Finance','lAY6nckAGU');
INSERT INTO "Customer_Info" VALUES('jross18@delicious.com','Romance','4wDUDFFiWILh');
INSERT INTO "Customer_Info" VALUES('bromero19@seesaa.net','Romance','MK7qNfTan');
INSERT INTO "Customer_Info" VALUES('cwest1a@tinypic.com','Romance','NptUt1VL');
INSERT INTO "Customer_Info" VALUES('kporter1b@npr.org','Romance','6srP79T0S');
INSERT INTO "Customer_Info" VALUES('mferguson1c@senate.gov','Science','yiEoq4al1GC');
INSERT INTO "Customer_Info" VALUES('bjohnston1d@comsenz.com','Science','dQTSUYHT');
INSERT INTO "Customer_Info" VALUES('rcarpenter1e@tamu.edu','Science','2kvkNIR5scCu');
INSERT INTO "Customer_Info" VALUES('eford1f@netscape.com','Science','Czin27IpGoD');
INSERT INTO "Customer_Info" VALUES('jrussell1g@cbslocal.com','Science','tYnUx46ml');
INSERT INTO "Customer_Info" VALUES('scruz1h@scribd.com','Science','xKrKtcb2A');
INSERT INTO "Customer_Info" VALUES('lyoung1i@shutterfly.com','Home Design','KocnrO');
INSERT INTO "Customer_Info" VALUES('mpierce1j@icq.com','Computer','qdDNTZc0tB');
INSERT INTO "Customer_Info" VALUES('chenderson1k@facebook.com','Horror','O6YCD0df');
INSERT INTO "Customer_Info" VALUES('kpeterson1l@eventbrite.com','Fantasy','DqjbxKQ');
INSERT INTO "Customer_Info" VALUES('rward1m@un.org','Computer','ZxiB4HvumYQE');
INSERT INTO "Customer_Info" VALUES('tcarr1n@hp.com','Fantasy','ESEEsi');
INSERT INTO "Customer_Info" VALUES('sperry1o@marriott.com','Literature & Fiction','vo60rgCqWDqB');
INSERT INTO "Customer_Info" VALUES('salexander1p@surveymonkey.com','Literature & Fiction','XLWcPBaKCAr');
INSERT INTO "Customer_Info" VALUES('jcooper1q@creativecommons.org','Accounting & Finance','vNDCjr');
INSERT INTO "Customer_Info" VALUES('anelson1r@about.com','Accounting & Finance','lAY6nckAGU');
INSERT INTO "Customer_Info" VALUES('rjordan1s@hc360.com','Romance','4wDUDFFiWILh');
INSERT INTO "Customer_Info" VALUES('dgreene1t@tamu.edu','Romance','MK7qNfTan');
INSERT INTO "Customer_Info" VALUES('jlarson1u@earthlink.net','Romance','NptUt1VL');
INSERT INTO "Customer_Info" VALUES('pjames1v@prnewswire.com','Romance','6srP79T0S');
INSERT INTO "Customer_Info" VALUES('sday1w@theguardian.com','Science','yiEoq4al1GC');
INSERT INTO "Customer_Info" VALUES('sarmstrong1x@examiner.com','Science','dQTSUYHT');
INSERT INTO "Customer_Info" VALUES('ssmith1y@huffingtonpost.com','Science','2kvkNIR5scCu');
INSERT INTO "Customer_Info" VALUES('dwebb1z@sciencedirect.com','Science','Czin27IpGoD');
INSERT INTO "Customer_Info" VALUES('ssimmons20@vkontakte.ru','Science','tYnUx46ml');
INSERT INTO "Customer_Info" VALUES('pnelson21@buzzfeed.com','Science','xKrKtcb2A');
INSERT INTO "Customer_Info" VALUES('krivera22@icio.us','Home Design','KocnrO');
INSERT INTO "Customer_Info" VALUES('jadams23@skype.com','Computer','qdDNTZc0tB');
INSERT INTO "Customer_Info" VALUES('slarson24@howstuffworks.com','Horror','O6YCD0df');
INSERT INTO "Customer_Info" VALUES('dreyes25@ucoz.ru','Fantasy','DqjbxKQ');
INSERT INTO "Customer_Info" VALUES('gday26@google.com.au','Computer','ZxiB4HvumYQE');
INSERT INTO "Customer_Info" VALUES('lfreeman27@hugedomains.com','Fantasy','ESEEsi');
INSERT INTO "Customer_Info" VALUES('mbishop28@e-recht24.de','Literature & Fiction','vo60rgCqWDqB');
INSERT INTO "Customer_Info" VALUES('kryan29@skype.com','Literature & Fiction','XLWcPBaKCAr');
INSERT INTO "Customer_Info" VALUES('jwelch2a@mtv.com','Accounting & Finance','vNDCjr');
INSERT INTO "Customer_Info" VALUES('wmurray2b@biblegateway.com','Accounting & Finance','lAY6nckAGU');
INSERT INTO "Customer_Info" VALUES('lhicks2c@pcworld.com','Romance','4wDUDFFiWILh');
INSERT INTO "Customer_Info" VALUES('msullivan2d@nydailynews.com','Romance','MK7qNfTan');
INSERT INTO "Customer_Info" VALUES('kward2e@blogger.com','Romance','NptUt1VL');
INSERT INTO "Customer_Info" VALUES('rday2f@issuu.com','Romance','6srP79T0S');
INSERT INTO "Customer_Info" VALUES('dsanchez2g@4shared.com','Science','yiEoq4al1GC');
INSERT INTO "Customer_Info" VALUES('kday2h@salon.com','Science','dQTSUYHT');
INSERT INTO "Customer_Info" VALUES('hreynolds2i@gnu.org','Science','2kvkNIR5scCu');
INSERT INTO "Customer_Info" VALUES('dmcdonald2j@bloglines.com','Science','Czin27IpGoD');
INSERT INTO "Customer_Info" VALUES('creynolds2k@feedburner.com','Science','tYnUx46ml');
INSERT INTO "Customer_Info" VALUES('aramos2l@bloomberg.com','Science','xKrKtcb2A');
INSERT INTO "Customer_Info" VALUES('fcunningham2m@imdb.com','Home Design','KocnrO');
INSERT INTO "Customer_Info" VALUES('krivera2n@telegraph.co.uk','Computer','qdDNTZc0tB');
INSERT INTO "Customer_Info" VALUES('amartinez2o@ucsd.edu','Horror','O6YCD0df');
INSERT INTO "Customer_Info" VALUES('emason2p@quantcast.com','Fantasy','DqjbxKQ');
INSERT INTO "Customer_Info" VALUES('rfowler2q@ning.com','Computer','ZxiB4HvumYQE');
INSERT INTO "Customer_Info" VALUES('fowens2r@vimeo.com','Fantasy','ESEEsi');
INSERT INTO "Customer_Info" VALUES('cwoods2s@is.gd','Literature & Fiction','vo60rgCqWDqB');
INSERT INTO "Customer_Info" VALUES('rhicks2t@yellowpages.com','Literature & Fiction','XLWcPBaKCAr');
INSERT INTO "Customer_Info" VALUES('mbennett2u@delicious.com','Accounting & Finance','vNDCjr');
INSERT INTO "Customer_Info" VALUES('akim2v@addtoany.com','Accounting & Finance','lAY6nckAGU');
INSERT INTO "Customer_Info" VALUES('hwright2w@1688.com','Romance','4wDUDFFiWILh');
INSERT INTO "Customer_Info" VALUES('scarr2x@ning.com','Romance','MK7qNfTan');
INSERT INTO "Customer_Info" VALUES('nthompson2y@weebly.com','Romance','NptUt1VL');
INSERT INTO "Customer_Info" VALUES('vstevens2z@usgs.gov','Literature & Fiction','vo60rgCqWDqB');
INSERT INTO "Customer_Info" VALUES('dclark30@youku.com','Literature & Fiction','XLWcPBaKCAr');
INSERT INTO "Customer_Info" VALUES('lberry31@hc360.com','Accounting & Finance','vNDCjr');
INSERT INTO "Customer_Info" VALUES('plong32@washington.edu','Accounting & Finance','lAY6nckAGU');
INSERT INTO "Customer_Info" VALUES('bcunningham33@youtube.com','Romance','4wDUDFFiWILh');
INSERT INTO "Customer_Info" VALUES('hlane34@domainmarket.com','Romance','MK7qNfTan');
INSERT INTO "Customer_Info" VALUES('bpayne35@domainmarket.com','Romance','NptUt1VL');
INSERT INTO "Customer_Info" VALUES('bcastillo36@home.pl','Romance','6srP79T0S');
INSERT INTO "Customer_Info" VALUES('rmontgomery37@hugedomains.com','Science','yiEoq4al1GC');
INSERT INTO "Customer_Info" VALUES('jford38@unblog.fr','Science','dQTSUYHT');
INSERT INTO "Customer_Info" VALUES('sberry39@reference.com','Science','2kvkNIR5scCu');
INSERT INTO "Customer_Info" VALUES('dhudson3a@naver.com','Science','Czin27IpGoD');
INSERT INTO "Customer_Info" VALUES('jrichards3b@domainmarket.com','Science','tYnUx46ml');
INSERT INTO "Customer_Info" VALUES('fkim3c@comcast.net','Science','xKrKtcb2A');
INSERT INTO "Customer_Info" VALUES('sporter3d@buzzfeed.com','Home Design','KocnrO');
INSERT INTO "Customer_Info" VALUES('ssanchez3e@latimes.com','Computer','qdDNTZc0tB');
INSERT INTO "Customer_Info" VALUES('wmontgomery3f@freewebs.com','Horror','O6YCD0df');
INSERT INTO "Customer_Info" VALUES('elarson3g@altervista.org','Fantasy','DqjbxKQ');
INSERT INTO "Customer_Info" VALUES('ljohnson3h@prweb.com','Computer','ZxiB4HvumYQE');
INSERT INTO "Customer_Info" VALUES('jkim3i@reddit.com','Fantasy','ESEEsi');
DROP TABLE IF EXISTS "Have_Purchased";
CREATE TABLE "Have_Purchased" ("ISBN" VARCHAR NOT NULL , "PersonID" INTEGER NOT NULL , "Qty" INTEGER, PRIMARY KEY ("ISBN", "PersonID"), FOREIGN KEY ("ISBN") REFERENCES "Book(ISBN)", FOREIGN KEY ("PersonID") REFERENCES "Person(PersonID)");
INSERT INTO "Have_Purchased" VALUES('782140661',1,2);
INSERT INTO "Have_Purchased" VALUES('782140661',2,1);
INSERT INTO "Have_Purchased" VALUES('782140661',3,2);
INSERT INTO "Have_Purchased" VALUES('782140661',4,4);
INSERT INTO "Have_Purchased" VALUES('782140661',5,2);
INSERT INTO "Have_Purchased" VALUES('72227885',6,3);
INSERT INTO "Have_Purchased" VALUES('471200247',7,1);
INSERT INTO "Have_Purchased" VALUES('471200247',8,4);
INSERT INTO "Have_Purchased" VALUES('72227710',9,4);
INSERT INTO "Have_Purchased" VALUES('1558605525',10,2);
INSERT INTO "Have_Purchased" VALUES('1558605525',11,3);
INSERT INTO "Have_Purchased" VALUES('972263608',12,3);
INSERT INTO "Have_Purchased" VALUES('201615762',13,1);
INSERT INTO "Have_Purchased" VALUES('782140114',14,3);
INSERT INTO "Have_Purchased" VALUES('782140114',15,4);
INSERT INTO "Have_Purchased" VALUES('782140114',16,5);
INSERT INTO "Have_Purchased" VALUES('321125169',17,4);
INSERT INTO "Have_Purchased" VALUES('321125169',18,1);
INSERT INTO "Have_Purchased" VALUES('321125169',19,3);
INSERT INTO "Have_Purchased" VALUES('321125169',20,4);
DROP TABLE IF EXISTS "Offline";
CREATE TABLE "Offline" ("OrderNumber" INTEGER PRIMARY KEY  NOT NULL  DEFAULT (null) ,"Location" VARCHAR, FOREIGN KEY ("OrderNumber") REFERENCES "Order(OrderNumber)" );
INSERT INTO "Offline" VALUES(21,'Charleston, West Virginia');
INSERT INTO "Offline" VALUES(22,'Little Rock, Arkansas');
INSERT INTO "Offline" VALUES(23,'San Francisco, California');
INSERT INTO "Offline" VALUES(24,'Spring, Texas');
INSERT INTO "Offline" VALUES(25,'Lansing, Michigan');
INSERT INTO "Offline" VALUES(26,'Minneapolis, Minnesota');
INSERT INTO "Offline" VALUES(27,'Johnstown, Pennsylvania');
INSERT INTO "Offline" VALUES(28,'Van Nuys, California');
INSERT INTO "Offline" VALUES(29,'San Francisco, California');
INSERT INTO "Offline" VALUES(30,'Minneapolis, Minnesota');
INSERT INTO "Offline" VALUES(31,'Scottsdale, Arizona');
INSERT INTO "Offline" VALUES(32,'Seminole, Florida');
INSERT INTO "Offline" VALUES(33,'Murfreesboro, Tennessee');
INSERT INTO "Offline" VALUES(34,'Austin, Texas');
INSERT INTO "Offline" VALUES(35,'Buffalo, New York');
INSERT INTO "Offline" VALUES(36,'Carson City, Nevada');
INSERT INTO "Offline" VALUES(37,'El Paso, Texas');
INSERT INTO "Offline" VALUES(38,'Chula Vista, California');
INSERT INTO "Offline" VALUES(39,'El Paso, Texas');
INSERT INTO "Offline" VALUES(40,'Youngstown, Ohio');
DROP TABLE IF EXISTS "Online";
CREATE TABLE "Online" ("OrderNumber" INTEGER PRIMARY KEY  NOT NULL  DEFAULT (null) ,"DeliveryDay" DATETIME DEFAULT (null), FOREIGN KEY ("OrderNumber") REFERENCES "Order(OrderNumber)" );
INSERT INTO "Online" VALUES(1,'1/19/2013 16:38');
INSERT INTO "Online" VALUES(2,'5/19/2010 5:27');
INSERT INTO "Online" VALUES(3,'6/25/2015 22:06');
INSERT INTO "Online" VALUES(4,'4/20/2010 15:02');
INSERT INTO "Online" VALUES(5,'7/1/2011 1:52');
INSERT INTO "Online" VALUES(6,'8/4/2013 14:25');
INSERT INTO "Online" VALUES(7,'3/13/2015 14:11');
INSERT INTO "Online" VALUES(8,'12/21/2014 8:47');
INSERT INTO "Online" VALUES(9,'1/29/2007 9:05');
INSERT INTO "Online" VALUES(10,'9/6/2009 4:35');
INSERT INTO "Online" VALUES(11,'9/18/2013 5:33');
INSERT INTO "Online" VALUES(12,'10/6/2015 8:12');
INSERT INTO "Online" VALUES(13,'11/29/2007 1:55');
INSERT INTO "Online" VALUES(14,'1/19/2010 4:07');
INSERT INTO "Online" VALUES(15,'2/8/2008 17:45');
INSERT INTO "Online" VALUES(16,'1/2/2009 12:23');
INSERT INTO "Online" VALUES(17,'6/14/2005 22:45');
INSERT INTO "Online" VALUES(18,'11/5/2010 18:42');
INSERT INTO "Online" VALUES(19,'9/19/2015 8:40');
INSERT INTO "Online" VALUES(20,'3/18/2014 18:44');
DROP TABLE IF EXISTS "Order";
CREATE TABLE "Order" ("OrderNumber" INTEGER PRIMARY KEY  NOT NULL  DEFAULT (null) ,"TransNum" INTEGER, FOREIGN KEY ("TransNum") REFERENCES "Payment(TransNum)" );
INSERT INTO "Order" VALUES(1,1);
INSERT INTO "Order" VALUES(2,2);
INSERT INTO "Order" VALUES(3,3);
INSERT INTO "Order" VALUES(4,4);
INSERT INTO "Order" VALUES(5,5);
INSERT INTO "Order" VALUES(6,6);
INSERT INTO "Order" VALUES(7,7);
INSERT INTO "Order" VALUES(8,8);
INSERT INTO "Order" VALUES(9,9);
INSERT INTO "Order" VALUES(10,10);
INSERT INTO "Order" VALUES(11,11);
INSERT INTO "Order" VALUES(12,12);
INSERT INTO "Order" VALUES(13,13);
INSERT INTO "Order" VALUES(14,14);
INSERT INTO "Order" VALUES(15,15);
INSERT INTO "Order" VALUES(16,16);
INSERT INTO "Order" VALUES(17,17);
INSERT INTO "Order" VALUES(18,18);
INSERT INTO "Order" VALUES(19,19);
INSERT INTO "Order" VALUES(20,20);
INSERT INTO "Order" VALUES(21,21);
INSERT INTO "Order" VALUES(22,22);
INSERT INTO "Order" VALUES(23,23);
INSERT INTO "Order" VALUES(24,24);
INSERT INTO "Order" VALUES(25,25);
INSERT INTO "Order" VALUES(26,26);
INSERT INTO "Order" VALUES(27,27);
INSERT INTO "Order" VALUES(28,28);
INSERT INTO "Order" VALUES(29,29);
INSERT INTO "Order" VALUES(30,30);
INSERT INTO "Order" VALUES(31,31);
INSERT INTO "Order" VALUES(32,32);
INSERT INTO "Order" VALUES(33,33);
INSERT INTO "Order" VALUES(34,34);
INSERT INTO "Order" VALUES(35,35);
INSERT INTO "Order" VALUES(36,36);
INSERT INTO "Order" VALUES(37,37);
INSERT INTO "Order" VALUES(38,38);
INSERT INTO "Order" VALUES(39,39);
INSERT INTO "Order" VALUES(40,40);
DROP TABLE IF EXISTS "Order_For";
CREATE TABLE "Order_For" ("ISBN" VARCHAR PRIMARY KEY  NOT NULL ,"OrderNumber" INTEGER NOT NULL  DEFAULT (null) ,"Qty" INTEGER, FOREIGN KEY ("OrderNumber") REFERENCES "Order(OrderNumber)", FOREIGN KEY ("ISBN") REFERENCES "Book(ISBN)" );
INSERT INTO "Order_For" VALUES('782140661',1,1);
INSERT INTO "Order_For" VALUES('72227885',2,4);
INSERT INTO "Order_For" VALUES('471200247',3,1);
INSERT INTO "Order_For" VALUES('72227710',4,4);
INSERT INTO "Order_For" VALUES('1558605525',5,5);
INSERT INTO "Order_For" VALUES('972263608',6,5);
INSERT INTO "Order_For" VALUES('201615762',7,1);
INSERT INTO "Order_For" VALUES('782140114',8,5);
INSERT INTO "Order_For" VALUES('321125169',9,2);
INSERT INTO "Order_For" VALUES('805317554',10,3);
INSERT INTO "Order_For" VALUES('1861004486',11,1);
INSERT INTO "Order_For" VALUES('735712123',12,4);
INSERT INTO "Order_For" VALUES('425188361',13,2);
INSERT INTO "Order_For" VALUES('142001740',14,5);
INSERT INTO "Order_For" VALUES('596004478',15,4);
INSERT INTO "Order_For" VALUES('71414339',16,5);
INSERT INTO "Order_For" VALUES('312311354',17,4);
INSERT INTO "Order_For" VALUES('312287941',18,5);
INSERT INTO "Order_For" VALUES('312243022',19,4);
INSERT INTO "Order_For" VALUES('609610570',20,3);
INSERT INTO "Order_For" VALUES('316602051',21,5);
INSERT INTO "Order_For" VALUES('743222008',22,2);
INSERT INTO "Order_For" VALUES('66214750',23,4);
INSERT INTO "Order_For" VALUES('787960756',24,4);
INSERT INTO "Order_For" VALUES('743206061',25,4);
INSERT INTO "Order_For" VALUES('1590520734',26,5);
INSERT INTO "Order_For" VALUES('60934417',27,3);
INSERT INTO "Order_For" VALUES('440237556',28,2);
INSERT INTO "Order_For" VALUES('373272839',29,2);
INSERT INTO "Order_For" VALUES('670031518',30,3);
INSERT INTO "Order_For" VALUES('738206679',31,2);
INSERT INTO "Order_For" VALUES('067976867X',32,5);
INSERT INTO "Order_For" VALUES('679450785',33,4);
INSERT INTO "Order_For" VALUES('1579550088',34,1);
INSERT INTO "Order_For" VALUES('684843285',35,1);
INSERT INTO "Order_For" VALUES('471358983',36,2);
INSERT INTO "Order_For" VALUES('394739698',37,2);
INSERT INTO "Order_For" VALUES('1586851322',38,3);
INSERT INTO "Order_For" VALUES('1586851357',39,2);
INSERT INTO "Order_For" VALUES('156158648X',40,2);
DROP TABLE IF EXISTS "Order_Status";
CREATE TABLE "Order_Status" ("OrderNumber" INTEGER PRIMARY KEY  NOT NULL  DEFAULT (null) ,"Status" VARCHAR );
INSERT INTO "Order_Status" VALUES(1,'Received');
INSERT INTO "Order_Status" VALUES(2,'Received');
INSERT INTO "Order_Status" VALUES(3,'Received');
INSERT INTO "Order_Status" VALUES(4,'Received');
INSERT INTO "Order_Status" VALUES(5,'Received');
INSERT INTO "Order_Status" VALUES(6,'Received');
INSERT INTO "Order_Status" VALUES(7,'Received');
INSERT INTO "Order_Status" VALUES(8,'Received');
INSERT INTO "Order_Status" VALUES(9,'Received');
INSERT INTO "Order_Status" VALUES(10,'Received');
INSERT INTO "Order_Status" VALUES(11,'Processing');
INSERT INTO "Order_Status" VALUES(12,'Processing');
INSERT INTO "Order_Status" VALUES(13,'Processing');
INSERT INTO "Order_Status" VALUES(14,'Processing');
INSERT INTO "Order_Status" VALUES(15,'Processing');
INSERT INTO "Order_Status" VALUES(16,'Processing');
INSERT INTO "Order_Status" VALUES(17,'Processing');
INSERT INTO "Order_Status" VALUES(18,'Processing');
INSERT INTO "Order_Status" VALUES(19,'Processing');
INSERT INTO "Order_Status" VALUES(20,'Processing');
INSERT INTO "Order_Status" VALUES(21,'Shipping');
INSERT INTO "Order_Status" VALUES(22,'Shipping');
INSERT INTO "Order_Status" VALUES(23,'Shipping');
INSERT INTO "Order_Status" VALUES(24,'Shipping');
INSERT INTO "Order_Status" VALUES(25,'Shipping');
INSERT INTO "Order_Status" VALUES(26,'Shipping');
INSERT INTO "Order_Status" VALUES(27,'Shipping');
INSERT INTO "Order_Status" VALUES(28,'Shipping');
INSERT INTO "Order_Status" VALUES(29,'Shipping');
INSERT INTO "Order_Status" VALUES(30,'Shipping');
INSERT INTO "Order_Status" VALUES(31,'Delivered');
INSERT INTO "Order_Status" VALUES(32,'Delivered');
INSERT INTO "Order_Status" VALUES(33,'Delivered');
INSERT INTO "Order_Status" VALUES(34,'Delivered');
INSERT INTO "Order_Status" VALUES(35,'Delivered');
INSERT INTO "Order_Status" VALUES(36,'Delivered');
INSERT INTO "Order_Status" VALUES(37,'Delivered');
INSERT INTO "Order_Status" VALUES(38,'Delivered');
INSERT INTO "Order_Status" VALUES(39,'Delivered');
INSERT INTO "Order_Status" VALUES(40,'Delivered');
DROP TABLE IF EXISTS "Payment";
CREATE TABLE "Payment" ("TransNum" INTEGER PRIMARY KEY  NOT NULL , "Type" VARCHAR, "Amount" DOUBLE, "Date" DATETIME, "PersonID" INTEGER REFERENCES "Person(PersonID)");
INSERT INTO "Payment" VALUES(1,'Cash',21.79,'1/19/2013 16:38',1);
INSERT INTO "Payment" VALUES(2,'Credit',20.99,'5/19/2010 5:27',2);
INSERT INTO "Payment" VALUES(3,'Credit',27.42,'6/25/2015 22:06',3);
INSERT INTO "Payment" VALUES(4,'Credit',20.05,'4/20/2010 15:02',4);
INSERT INTO "Payment" VALUES(5,'Cash',94.85,'7/1/2011 1:52',5);
INSERT INTO "Payment" VALUES(6,'Credit',80.05,'8/4/2013 14:25',6);
INSERT INTO "Payment" VALUES(7,'Check',78.05,'3/13/2015 14:11',7);
INSERT INTO "Payment" VALUES(8,'Check',74.87,'12/21/2014 8:47',8);
INSERT INTO "Payment" VALUES(9,'Cash',50.52,'1/29/2007 9:05',9);
INSERT INTO "Payment" VALUES(10,'Check',21.6,'9/6/2009 4:35',1);
INSERT INTO "Payment" VALUES(11,'Cash',44.9,'9/18/2013 5:33',11);
INSERT INTO "Payment" VALUES(12,'Credit',24.76,'10/6/2015 8:12',12);
INSERT INTO "Payment" VALUES(13,'Cash',96.78,'11/29/2007 1:55',13);
INSERT INTO "Payment" VALUES(14,'Cash',55.88,'1/19/2010 4:07',14);
INSERT INTO "Payment" VALUES(15,'Check',42.24,'2/8/2008 17:45',15);
INSERT INTO "Payment" VALUES(16,'Credit',76.42,'1/2/2009 12:23',16);
INSERT INTO "Payment" VALUES(17,'Credit',84.47,'6/14/2005 22:45',17);
INSERT INTO "Payment" VALUES(18,'Cash',45.05,'11/5/2010 18:42',3);
INSERT INTO "Payment" VALUES(19,'Check',55.37,'9/19/2015 8:40',3);
INSERT INTO "Payment" VALUES(20,'Check',72.58,'3/18/2014 18:44',20);
INSERT INTO "Payment" VALUES(21,'Cash',21.79,'1/19/2013 16:38',21);
INSERT INTO "Payment" VALUES(22,'Credit',20.99,'5/19/2010 5:27',22);
INSERT INTO "Payment" VALUES(23,'Cash',27.42,'6/25/2015 22:06',7);
INSERT INTO "Payment" VALUES(24,'Cash',20.05,'4/20/2010 15:02',24);
INSERT INTO "Payment" VALUES(25,'Cash',94.85,'7/1/2011 1:52',25);
INSERT INTO "Payment" VALUES(26,'Credit',80.05,'8/4/2013 14:25',26);
INSERT INTO "Payment" VALUES(27,'Credit',78.05,'3/13/2015 14:11',27);
INSERT INTO "Payment" VALUES(28,'Credit',74.87,'12/21/2014 8:47',7);
INSERT INTO "Payment" VALUES(29,'Check',50.52,'1/29/2007 9:05',29);
INSERT INTO "Payment" VALUES(30,'Cash',21.6,'9/6/2009 4:35',7);
INSERT INTO "Payment" VALUES(31,'Cash',44.9,'9/18/2013 5:33',31);
INSERT INTO "Payment" VALUES(32,'Credit',24.76,'10/6/2015 8:12',32);
INSERT INTO "Payment" VALUES(33,'Cash',96.78,'11/29/2007 1:55',7);
INSERT INTO "Payment" VALUES(34,'Cash',55.88,'1/19/2010 4:07',34);
INSERT INTO "Payment" VALUES(35,'Credit',42.24,'2/8/2008 17:45',7);
INSERT INTO "Payment" VALUES(36,'Credit',76.42,'1/2/2009 12:23',36);
INSERT INTO "Payment" VALUES(37,'Credit',84.47,'6/14/2005 22:45',37);
INSERT INTO "Payment" VALUES(38,'Check',45.05,'11/5/2010 18:42',38);
INSERT INTO "Payment" VALUES(39,'Check',55.37,'9/19/2015 8:40',39);
INSERT INTO "Payment" VALUES(40,'Check',72.58,'3/18/2014 18:44',40);
DROP TABLE IF EXISTS "Person";
CREATE TABLE "Person" ("PersonID" INTEGER PRIMARY KEY  NOT NULL , "First" VARCHAR, "Middle" VARCHAR, "Last" VARCHAR, "AddressID" INTEGER REFERENCES "Address(AddressID)");
INSERT INTO "Person" VALUES(1,'Chip',NULL,'Dawes',1);
INSERT INTO "Person" VALUES(2,'Biju',NULL,'Thomas',2);
INSERT INTO "Person" VALUES(3,'Doug',NULL,'Stuns',3);
INSERT INTO "Person" VALUES(4,'Matthew',NULL,'Weishan',4);
INSERT INTO "Person" VALUES(5,'Joseph','C.','Johnson',5);
INSERT INTO "Person" VALUES(6,'Brian',NULL,'Knight',6);
INSERT INTO "Person" VALUES(7,'Ralph',NULL,'Kimball',7);
INSERT INTO "Person" VALUES(8,'Margy',NULL,'Ross',8);
INSERT INTO "Person" VALUES(9,'Bill',NULL,'Mann',9);
INSERT INTO "Person" VALUES(10,'Ian','H.','Witten',10);
INSERT INTO "Person" VALUES(11,'Eibe',NULL,'Frank',11);
INSERT INTO "Person" VALUES(12,'Robert','D.','Schmidt',12);
INSERT INTO "Person" VALUES(13,'Ken',NULL,'Henderson',13);
INSERT INTO "Person" VALUES(14,'Paul',NULL,'Litwin',14);
INSERT INTO "Person" VALUES(15,'Ken',NULL,'Getz',15);
INSERT INTO "Person" VALUES(16,'Mike',NULL,'Gunderloy',16);
INSERT INTO "Person" VALUES(17,'Ben',NULL,'Forta',17);
INSERT INTO "Person" VALUES(18,'Nate',NULL,'Weiss',18);
INSERT INTO "Person" VALUES(19,'Leon',NULL,'Chalnick',19);
INSERT INTO "Person" VALUES(20,'Angela','C.','Buraglia',20);
INSERT INTO "Person" VALUES(21,'Ramez','A.','Elmasri',21);
INSERT INTO "Person" VALUES(22,'Shamkant','B.','Navathe',22);
INSERT INTO "Person" VALUES(23,'Rob',NULL,'Vieira',23);
INSERT INTO "Person" VALUES(24,'Paul',NULL,'DuBois',24);
INSERT INTO "Person" VALUES(25,'Laurell','K.','Hamilton',25);
INSERT INTO "Person" VALUES(26,'Sue','Monk','Kidd',26);
INSERT INTO "Person" VALUES(27,'Tara',NULL,'Calishain',27);
INSERT INTO "Person" VALUES(28,'Rael',NULL,'Dornfest',28);
INSERT INTO "Person" VALUES(29,'Jay','P.','Decima',29);
INSERT INTO "Person" VALUES(30,'Wladyslaw',NULL,'Szpilman',30);
INSERT INTO "Person" VALUES(31,'Roma',NULL,'Ligocka',31);
INSERT INTO "Person" VALUES(32,'Michael',NULL,'Cunningham',32);
INSERT INTO "Person" VALUES(33,'Larry',NULL,'Bossidy',33);
INSERT INTO "Person" VALUES(34,'Ram',NULL,'Charan',34);
INSERT INTO "Person" VALUES(35,'Charles',NULL,'Burck',35);
INSERT INTO "Person" VALUES(36,'James',NULL,'Patterson',36);
INSERT INTO "Person" VALUES(37,'Andrew',NULL,'Gross',37);
INSERT INTO "Person" VALUES(38,'Jeffery',NULL,'Deaver',38);
INSERT INTO "Person" VALUES(39,'Jacquelyn',NULL,'Mitchard',39);
INSERT INTO "Person" VALUES(40,'Patrick',NULL,'Lencioni',40);
INSERT INTO "Person" VALUES(41,'Mary','Higgins','Clark',41);
INSERT INTO "Person" VALUES(42,'Dee',NULL,'Henderson',42);
INSERT INTO "Person" VALUES(43,'Ann',NULL,'Patchett',43);
INSERT INTO "Person" VALUES(44,'Karen','Marie','Moning',44);
INSERT INTO "Person" VALUES(45,'Suzanne',NULL,'Brockmann',45);
INSERT INTO "Person" VALUES(46,'Steven',NULL,'Pinker',46);
INSERT INTO "Person" VALUES(47,'Albert-Lszl',NULL,'Barabsi',47);
INSERT INTO "Person" VALUES(48,'Edward','Osborne','Wilson',48);
INSERT INTO "Person" VALUES(49,'Stephen',NULL,'Wolfram',49);
INSERT INTO "Person" VALUES(50,'Harold',NULL,'McGee',50);
INSERT INTO "Person" VALUES(51,'Francis','D. K.','Ching',51);
INSERT INTO "Person" VALUES(52,'Cassandra',NULL,'Adams',52);
INSERT INTO "Person" VALUES(53,'Virginia',NULL,'McAlester',53);
INSERT INTO "Person" VALUES(54,'Lee',NULL,'McAlester',54);
INSERT INTO "Person" VALUES(55,'Bryan',NULL,'Burkhart',55);
INSERT INTO "Person" VALUES(56,'Allison',NULL,'Arieff',56);
INSERT INTO "Person" VALUES(57,'Ralph','R.','Kylloe',57);
INSERT INTO "Person" VALUES(58,'Leslie','Plummer','Clagett',58);
INSERT INTO "Person" VALUES(59,'Gerard',NULL,'Gefen',59);
INSERT INTO "Person" VALUES(60,'Christine',NULL,'Bastin',60);
INSERT INTO "Person" VALUES(61,'Jacques',NULL,'Evrard',61);
INSERT INTO "Person" VALUES(62,'Donald',NULL,'Kaufman',62);
INSERT INTO "Person" VALUES(63,'Taffy',NULL,'Dahl',63);
INSERT INTO "Person" VALUES(64,'Laurel',NULL,'Graeber',64);
INSERT INTO "Person" VALUES(65,'Tina',NULL,'Freeman',65);
INSERT INTO "Person" VALUES(66,'Simon',NULL,'Benninga',66);
INSERT INTO "Person" VALUES(67,'Benjamin',NULL,'Czaczkes',67);
INSERT INTO "Person" VALUES(68,'Mark',NULL,'Grinblatt',68);
INSERT INTO "Person" VALUES(69,'Sheridan',NULL,'Titman',69);
INSERT INTO "Person" VALUES(70,'Robert','C.','Higgins',70);
INSERT INTO "Person" VALUES(71,'Paul','Marcus','Fischer',71);
INSERT INTO "Person" VALUES(72,'William','James','Taylor',72);
INSERT INTO "Person" VALUES(73,'Rita','Hartung','Cheng',73);
INSERT INTO "Person" VALUES(74,'Donald','E.','Kieso',74);
INSERT INTO "Person" VALUES(75,'Jerry','J.','Weygandt',75);
INSERT INTO "Person" VALUES(76,'Terry','D.','Warfield',76);
INSERT INTO "Person" VALUES(77,'Lawrence',NULL,'Revsine',77);
INSERT INTO "Person" VALUES(78,'Daniel','W.','Collins',78);
INSERT INTO "Person" VALUES(79,'W.','Bruce','Johnson',79);
INSERT INTO "Person" VALUES(80,'Nicholas',NULL,'Sparks',80);
INSERT INTO "Person" VALUES(81,'Don',NULL,'DeLillo',81);
INSERT INTO "Person" VALUES(82,'Stephen',NULL,'King',82);
INSERT INTO "Person" VALUES(83,'Mark','Z.','Danielewski',83);
INSERT INTO "Person" VALUES(84,'Michael',NULL,'Romkey',84);
INSERT INTO "Person" VALUES(85,'Chuck',NULL,'Palahniuk',85);
INSERT INTO "Person" VALUES(86,'Matthew',NULL,'Delaney',86);
INSERT INTO "Person" VALUES(87,'Bernie',NULL,'Wrightson',87);
INSERT INTO "Person" VALUES(88,'Stephen',NULL,'King',88);
INSERT INTO "Person" VALUES(89,'Don',NULL,'DeLillo',89);
INSERT INTO "Person" VALUES(90,'Ann',NULL,'Patchett',90);
INSERT INTO "Person" VALUES(91,'Steven',NULL,'Pinker',91);
INSERT INTO "Person" VALUES(92,'Simon',NULL,'Benninga',92);
INSERT INTO "Person" VALUES(93,'Jeffrey','M.','Wooldridge',93);
INSERT INTO "Person" VALUES(94,'Steven','J.','Root',94);
INSERT INTO "Person" VALUES(95,'Ken',NULL,'Coffman',95);
INSERT INTO "Person" VALUES(96,'Gerald',NULL,'Carter',96);
INSERT INTO "Person" VALUES(97,'Scott',NULL,'Kelby',97);
INSERT INTO "Person" VALUES(98,'B.','J.','Fogg',98);
INSERT INTO "Person" VALUES(99,'Michael',NULL,'Meyers',99);
INSERT INTO "Person" VALUES(100,'Carl',NULL,'Sagan',100);
INSERT INTO "Person" VALUES(101,'Alice',NULL,'Sebold',101);
INSERT INTO "Person" VALUES(102,'Alice',NULL,'Sebold',102);
INSERT INTO "Person" VALUES(103,'Ian',NULL,'McEwan',103);
INSERT INTO "Person" VALUES(104,'Nora',NULL,'Roberts',104);
INSERT INTO "Person" VALUES(105,'Andy',NULL,'Rae',105);
INSERT INTO "Person" VALUES(106,'Joseph',NULL,'Truini',106);
INSERT INTO "Person" VALUES(107,'Terry',NULL,'Pratchett',107);
INSERT INTO "Person" VALUES(108,'Annie','Dennis','Smith',169);
INSERT INTO "Person" VALUES(109,'Jean','Lillian','Rivera',170);
INSERT INTO "Person" VALUES(110,'Jennifer','Aaron','Dean',171);
INSERT INTO "Person" VALUES(111,'Joe','Ronald','Wells',172);
INSERT INTO "Person" VALUES(112,'Gerald','Peter','Fisher',173);
INSERT INTO "Person" VALUES(113,'Annie','Phillip','Wilson',174);
INSERT INTO "Person" VALUES(114,'Carlos','Christina','Peterson',175);
INSERT INTO "Person" VALUES(115,'Irene','Martin','Gonzales',176);
INSERT INTO "Person" VALUES(116,'Frances','Anne','Richards',177);
INSERT INTO "Person" VALUES(117,'Joshua','Gerald','Garcia',178);
INSERT INTO "Person" VALUES(118,'Mary','Anne','Simpson',179);
INSERT INTO "Person" VALUES(119,'Evelyn','Irene','Garrett',180);
INSERT INTO "Person" VALUES(120,'Phillip','Roy','Matthews',181);
INSERT INTO "Person" VALUES(121,'Jennifer','Matthew','Young',182);
INSERT INTO "Person" VALUES(122,'Helen','Barbara','Watson',183);
INSERT INTO "Person" VALUES(123,'Jack','Kevin','Moreno',184);
INSERT INTO "Person" VALUES(124,'Kimberly','Aaron','Foster',185);
INSERT INTO "Person" VALUES(125,'Carl','Stephanie','Carr',186);
INSERT INTO "Person" VALUES(126,'Donald','Howard','Fuller',187);
INSERT INTO "Person" VALUES(127,'Bruce','Chris','Gordon',188);
DROP TABLE IF EXISTS "Published_By";
CREATE TABLE "Published_By" ("PublisherName" VARCHAR NOT NULL , "ISBN" VARCHAR NOT NULL , PRIMARY KEY ("PublisherName", "ISBN"), FOREIGN KEY ("PublisherName") REFERENCES "Publisher(PublisherName)", FOREIGN KEY ("ISBN") REFERENCES "Book(ISBN)");
INSERT INTO "Published_By" VALUES('Sybex','782140661');
INSERT INTO "Published_By" VALUES('McGraw-Hill Osborne Media','72227885');
INSERT INTO "Published_By" VALUES('John Wiley & Sons','471200247');
INSERT INTO "Published_By" VALUES('McGraw-Hill Osborne Media','72227710');
INSERT INTO "Published_By" VALUES('Morgan Kaufmann','1558605525');
INSERT INTO "Published_By" VALUES('Schmidt Ink, Inc.','972263608');
INSERT INTO "Published_By" VALUES('Addison-Wesley Pub Co','201615762');
INSERT INTO "Published_By" VALUES('Sybex','782140114');
INSERT INTO "Published_By" VALUES('Macromedia Press','321125169');
INSERT INTO "Published_By" VALUES('Addison-Wesley Publishing','805317554');
INSERT INTO "Published_By" VALUES('Wrox Press Inc','1861004486');
INSERT INTO "Published_By" VALUES('Addison-Wesley Publishing','735712123');
INSERT INTO "Published_By" VALUES('Berkley Pub Group','425188361');
INSERT INTO "Published_By" VALUES('Penguin USA ','142001740');
INSERT INTO "Published_By" VALUES('O''Reilly & Associates','596004478');
INSERT INTO "Published_By" VALUES('McGraw-Hill Trade','71414339');
INSERT INTO "Published_By" VALUES('Picador','312311354');
INSERT INTO "Published_By" VALUES('St. Martin''s Press','312287941');
INSERT INTO "Published_By" VALUES('Picador','312243022');
INSERT INTO "Published_By" VALUES('Crown Pub','609610570');
INSERT INTO "Published_By" VALUES('Little Brown & Company','316602051');
INSERT INTO "Published_By" VALUES('Simon & Schuster','743222008');
INSERT INTO "Published_By" VALUES('HarperCollins','66214750');
INSERT INTO "Published_By" VALUES('Jossey-Bass','787960756');
INSERT INTO "Published_By" VALUES('Simon & Schuster','743206061');
INSERT INTO "Published_By" VALUES('Multnomah Publishers Inc.','1590520734');
INSERT INTO "Published_By" VALUES('Perennial','60934417');
INSERT INTO "Published_By" VALUES('Dell Pub Co','440237556');
INSERT INTO "Published_By" VALUES('Harlequin','373272839');
INSERT INTO "Published_By" VALUES('Viking Press','670031518');
INSERT INTO "Published_By" VALUES('Perseus Publishing','738206679');
INSERT INTO "Published_By" VALUES('Random House','067976867X');
INSERT INTO "Published_By" VALUES('Knopf','679450785');
INSERT INTO "Published_By" VALUES('Wolfram Media, Inc.','1579550088');
INSERT INTO "Published_By" VALUES('Fireside','684843285');
INSERT INTO "Published_By" VALUES('John Wiley & Sons','471358983');
INSERT INTO "Published_By" VALUES('Random House Trade Paperbacks','394739698');
INSERT INTO "Published_By" VALUES('Gibbs Smith Publisher','1586851322');
INSERT INTO "Published_By" VALUES('Gibbs Smith Publisher','1586851357');
INSERT INTO "Published_By" VALUES('Taunton Pr','156158648X');
INSERT INTO "Published_By" VALUES('Vendome Pr','865659982');
INSERT INTO "Published_By" VALUES('Clarkson N. Potter','517576600');
INSERT INTO "Published_By" VALUES('MIT Press','262024829');
INSERT INTO "Published_By" VALUES('McGraw-Hill/Irwin','72294337');
INSERT INTO "Published_By" VALUES('McGraw-Hill/Irwin','72315318');
INSERT INTO "Published_By" VALUES('South-Western College Pub','324107501');
INSERT INTO "Published_By" VALUES('John Wiley & Sons','471363049');
INSERT INTO "Published_By" VALUES('Prentice Hall','130323519');
INSERT INTO "Published_By" VALUES('Warner Books','446527793');
INSERT INTO "Published_By" VALUES('Scribner','743244249');
INSERT INTO "Published_By" VALUES('Pocket Books','743467523');
INSERT INTO "Published_By" VALUES('Pantheon Books','375703764');
INSERT INTO "Published_By" VALUES('Del Rey','345452089');
INSERT INTO "Published_By" VALUES('Doubleday','385504470');
INSERT INTO "Published_By" VALUES('St. Martin''s Press','312276702');
INSERT INTO "Published_By" VALUES('Pocket Books','743457358');
INSERT INTO "Published_By" VALUES('Donald M. Grant Publisher, Inc.','1880418568');
INSERT INTO "Published_By" VALUES('Pocket Books','743455967');
INSERT INTO "Published_By" VALUES('Penguin USA ','140077022');
INSERT INTO "Published_By" VALUES('Vintage Books','679722955');
INSERT INTO "Published_By" VALUES('Scribner Paperback Fiction','684848155');
INSERT INTO "Published_By" VALUES('John Wiley & Sons','471286168');
INSERT INTO "Published_By" VALUES('John Wiley & Sons','471288217');
INSERT INTO "Published_By" VALUES('Harvest Books','156006219');
INSERT INTO "Published_By" VALUES('Harperperennial Library','60540753');
INSERT INTO "Published_By" VALUES('W.W. Norton & Company','393318486');
INSERT INTO "Published_By" VALUES('Perennial','60958332');
INSERT INTO "Published_By" VALUES('Perennial','60958405');
INSERT INTO "Published_By" VALUES('W.W. Norton & Company','393319407');
INSERT INTO "Published_By" VALUES('Harvard Univ Pr','067463442X');
INSERT INTO "Published_By" VALUES('Warner Books','446608955');
INSERT INTO "Published_By" VALUES('Warner Books','446676098');
INSERT INTO "Published_By" VALUES('Warner Books','446606812');
INSERT INTO "Published_By" VALUES('MIT Press','262521415');
INSERT INTO "Published_By" VALUES('MIT Press','262232197');
INSERT INTO "Published_By" VALUES('South-Western College Pub','324113641');
INSERT INTO "Published_By" VALUES('John Wiley & Sons','471391123');
INSERT INTO "Published_By" VALUES('Prentice Hall PTR','130998516');
INSERT INTO "Published_By" VALUES('O''Reilly & Associates','1565924916');
INSERT INTO "Published_By" VALUES('New Riders Publishing','735712360');
INSERT INTO "Published_By" VALUES('New Riders Publishing','735712379');
INSERT INTO "Published_By" VALUES('New Riders Publishing','735713170');
INSERT INTO "Published_By" VALUES('Morgan Kaufmann','1558606432');
INSERT INTO "Published_By" VALUES('McGraw-Hill Osborne Media','72222743');
INSERT INTO "Published_By" VALUES('Ballantine Books ','345409469');
INSERT INTO "Published_By" VALUES('Random House','375508325');
INSERT INTO "Published_By" VALUES('Ballantine Books','345336895');
INSERT INTO "Published_By" VALUES('Pocket Books','671004107');
INSERT INTO "Published_By" VALUES('Ballantine Books ','345376595');
INSERT INTO "Published_By" VALUES('Little Brown & Company','316666343');
INSERT INTO "Published_By" VALUES('Back Bay Books','316096199');
INSERT INTO "Published_By" VALUES('Anchor Books','038572179X');
INSERT INTO "Published_By" VALUES('Anchor Books','385494246');
INSERT INTO "Published_By" VALUES('Anchor Books','385494327');
INSERT INTO "Published_By" VALUES('Anchor Books','385494149');
INSERT INTO "Published_By" VALUES('Putnam Pub Group','399149848');
INSERT INTO "Published_By" VALUES('Silhouette','373218192');
INSERT INTO "Published_By" VALUES('Harlequin','373218257');
INSERT INTO "Published_By" VALUES('Putnam Pub Group','399149392');
INSERT INTO "Published_By" VALUES('Taunton Pr','1561584029');
INSERT INTO "Published_By" VALUES('Lark Books','1579902944');
INSERT INTO "Published_By" VALUES('Taunton Pr','1561586196');
INSERT INTO "Published_By" VALUES('Harper','61092177');
INSERT INTO "Published_By" VALUES('Harper','60502935');
INSERT INTO "Published_By" VALUES('Harper','61020656');
INSERT INTO "Published_By" VALUES('Harper','60855925');
INSERT INTO "Published_By" VALUES('Harper','61020648');
INSERT INTO "Published_By" VALUES('Harper','61161721');
DROP TABLE IF EXISTS "Publisher";
CREATE TABLE "Publisher" ("PublisherName" VARCHAR PRIMARY KEY  NOT NULL  DEFAULT (null) ,"AddressID" INTEGER, FOREIGN KEY ("AddressID") REFERENCES "Address(AddressID)");
INSERT INTO "Publisher" VALUES('Addison-Wesley Pub Co',108);
INSERT INTO "Publisher" VALUES('Addison-Wesley Publishing',109);
INSERT INTO "Publisher" VALUES('Anchor Books',110);
INSERT INTO "Publisher" VALUES('Back Bay Books',111);
INSERT INTO "Publisher" VALUES('Ballantine Books',112);
INSERT INTO "Publisher" VALUES('Berkley Pub Group',113);
INSERT INTO "Publisher" VALUES('Clarkson N. Potter',114);
INSERT INTO "Publisher" VALUES('Crown Pub',115);
INSERT INTO "Publisher" VALUES('Del Rey',116);
INSERT INTO "Publisher" VALUES('Dell Pub Co',117);
INSERT INTO "Publisher" VALUES('Donald M. Grant Publisher, Inc.',118);
INSERT INTO "Publisher" VALUES('Doubleday',119);
INSERT INTO "Publisher" VALUES('Fireside',120);
INSERT INTO "Publisher" VALUES('Gibbs Smith Publisher',121);
INSERT INTO "Publisher" VALUES('Harlequin',122);
INSERT INTO "Publisher" VALUES('Harper',123);
INSERT INTO "Publisher" VALUES('HarperCollins',124);
INSERT INTO "Publisher" VALUES('Harperperennial Library',125);
INSERT INTO "Publisher" VALUES('Harvard Univ Pr',126);
INSERT INTO "Publisher" VALUES('Harvest Books',127);
INSERT INTO "Publisher" VALUES('John Wiley & Sons',128);
INSERT INTO "Publisher" VALUES('Jossey-Bass',129);
INSERT INTO "Publisher" VALUES('Knopf',130);
INSERT INTO "Publisher" VALUES('Lark Books',131);
INSERT INTO "Publisher" VALUES('Little Brown & Company',132);
INSERT INTO "Publisher" VALUES('Macromedia Press',133);
INSERT INTO "Publisher" VALUES('McGraw-Hill Osborne Media',134);
INSERT INTO "Publisher" VALUES('McGraw-Hill Trade',135);
INSERT INTO "Publisher" VALUES('McGraw-Hill/Irwin',136);
INSERT INTO "Publisher" VALUES('MIT Press',137);
INSERT INTO "Publisher" VALUES('Morgan Kaufmann',138);
INSERT INTO "Publisher" VALUES('Multnomah Publishers Inc.',139);
INSERT INTO "Publisher" VALUES('New Riders Publishing',140);
INSERT INTO "Publisher" VALUES('O''Reilly & Associates',141);
INSERT INTO "Publisher" VALUES('Pantheon Books',142);
INSERT INTO "Publisher" VALUES('Penguin USA ',143);
INSERT INTO "Publisher" VALUES('Perennial',144);
INSERT INTO "Publisher" VALUES('Perseus Publishing',145);
INSERT INTO "Publisher" VALUES('Picador',146);
INSERT INTO "Publisher" VALUES('Pocket Books',147);
INSERT INTO "Publisher" VALUES('Prentice Hall',148);
INSERT INTO "Publisher" VALUES('Prentice Hall PTR',149);
INSERT INTO "Publisher" VALUES('Putnam Pub Group',150);
INSERT INTO "Publisher" VALUES('Random House',151);
INSERT INTO "Publisher" VALUES('Random House Trade Paperbacks',152);
INSERT INTO "Publisher" VALUES('Schmidt Ink, Inc.',153);
INSERT INTO "Publisher" VALUES('Scribner',154);
INSERT INTO "Publisher" VALUES('Scribner Paperback Fiction',155);
INSERT INTO "Publisher" VALUES('Silhouette',156);
INSERT INTO "Publisher" VALUES('Simon & Schuster',157);
INSERT INTO "Publisher" VALUES('South-Western College Pub',158);
INSERT INTO "Publisher" VALUES('St. Martin''s Press',159);
INSERT INTO "Publisher" VALUES('Sybex',160);
INSERT INTO "Publisher" VALUES('Taunton Pr',161);
INSERT INTO "Publisher" VALUES('Vendome Pr',162);
INSERT INTO "Publisher" VALUES('Viking Press',163);
INSERT INTO "Publisher" VALUES('Vintage Books',164);
INSERT INTO "Publisher" VALUES('W.W. Norton & Company',165);
INSERT INTO "Publisher" VALUES('Warner Books',166);
INSERT INTO "Publisher" VALUES('Wolfram Media, Inc.',167);
INSERT INTO "Publisher" VALUES('Wrox Press Inc',168);
DROP TABLE IF EXISTS "Written_By";
CREATE TABLE "Written_By" ("ISBN" VARCHAR NOT NULL , "PersonID" INTEGER NOT NULL , PRIMARY KEY ("ISBN", "PersonID"), FOREIGN KEY ("ISBN") REFERENCES "Book(ISBN)", FOREIGN KEY ("PersonID") REFERENCES "Person(PersonID)");
INSERT INTO "Written_By" VALUES('782140661',1);
INSERT INTO "Written_By" VALUES('782140661',2);
INSERT INTO "Written_By" VALUES('782140661',3);
INSERT INTO "Written_By" VALUES('782140661',4);
INSERT INTO "Written_By" VALUES('782140661',5);
INSERT INTO "Written_By" VALUES('72227885',6);
INSERT INTO "Written_By" VALUES('471200247',7);
INSERT INTO "Written_By" VALUES('471200247',8);
INSERT INTO "Written_By" VALUES('72227710',9);
INSERT INTO "Written_By" VALUES('1558605525',10);
INSERT INTO "Written_By" VALUES('1558605525',11);
INSERT INTO "Written_By" VALUES('972263608',12);
INSERT INTO "Written_By" VALUES('201615762',13);
INSERT INTO "Written_By" VALUES('782140114',14);
INSERT INTO "Written_By" VALUES('782140114',15);
INSERT INTO "Written_By" VALUES('782140114',16);
INSERT INTO "Written_By" VALUES('321125169',17);
INSERT INTO "Written_By" VALUES('321125169',18);
INSERT INTO "Written_By" VALUES('321125169',19);
INSERT INTO "Written_By" VALUES('321125169',20);
INSERT INTO "Written_By" VALUES('805317554',21);
INSERT INTO "Written_By" VALUES('805317554',22);
INSERT INTO "Written_By" VALUES('1861004486',23);
INSERT INTO "Written_By" VALUES('735712123',24);
INSERT INTO "Written_By" VALUES('425188361',25);
INSERT INTO "Written_By" VALUES('142001740',26);
INSERT INTO "Written_By" VALUES('596004478',27);
INSERT INTO "Written_By" VALUES('596004478',28);
INSERT INTO "Written_By" VALUES('71414339',29);
INSERT INTO "Written_By" VALUES('312311354',30);
INSERT INTO "Written_By" VALUES('312287941',31);
INSERT INTO "Written_By" VALUES('312243022',32);
INSERT INTO "Written_By" VALUES('609610570',33);
INSERT INTO "Written_By" VALUES('609610570',34);
INSERT INTO "Written_By" VALUES('609610570',35);
INSERT INTO "Written_By" VALUES('316602051',36);
INSERT INTO "Written_By" VALUES('316602051',37);
INSERT INTO "Written_By" VALUES('743222008',38);
INSERT INTO "Written_By" VALUES('66214750',39);
INSERT INTO "Written_By" VALUES('787960756',40);
INSERT INTO "Written_By" VALUES('743206061',41);
INSERT INTO "Written_By" VALUES('1590520734',42);
INSERT INTO "Written_By" VALUES('60934417',43);
INSERT INTO "Written_By" VALUES('440237556',44);
INSERT INTO "Written_By" VALUES('373272839',45);
INSERT INTO "Written_By" VALUES('670031518',46);
INSERT INTO "Written_By" VALUES('738206679',47);
INSERT INTO "Written_By" VALUES('067976867X',48);
INSERT INTO "Written_By" VALUES('679450785',48);
INSERT INTO "Written_By" VALUES('1579550088',49);
INSERT INTO "Written_By" VALUES('684843285',50);
INSERT INTO "Written_By" VALUES('471358983',51);
INSERT INTO "Written_By" VALUES('471358983',52);
INSERT INTO "Written_By" VALUES('394739698',53);
INSERT INTO "Written_By" VALUES('394739698',54);
INSERT INTO "Written_By" VALUES('1586851322',55);
INSERT INTO "Written_By" VALUES('1586851322',56);
INSERT INTO "Written_By" VALUES('1586851357',57);
INSERT INTO "Written_By" VALUES('156158648X',58);
INSERT INTO "Written_By" VALUES('865659982',59);
INSERT INTO "Written_By" VALUES('865659982',60);
INSERT INTO "Written_By" VALUES('865659982',61);
INSERT INTO "Written_By" VALUES('517576600',62);
INSERT INTO "Written_By" VALUES('517576600',63);
INSERT INTO "Written_By" VALUES('517576600',64);
INSERT INTO "Written_By" VALUES('517576600',65);
INSERT INTO "Written_By" VALUES('262024829',66);
INSERT INTO "Written_By" VALUES('262024829',67);
INSERT INTO "Written_By" VALUES('72294337',68);
INSERT INTO "Written_By" VALUES('72294337',69);
INSERT INTO "Written_By" VALUES('72315318',70);
INSERT INTO "Written_By" VALUES('324107501',71);
INSERT INTO "Written_By" VALUES('324107501',72);
INSERT INTO "Written_By" VALUES('324107501',73);
INSERT INTO "Written_By" VALUES('471363049',74);
INSERT INTO "Written_By" VALUES('471363049',75);
INSERT INTO "Written_By" VALUES('471363049',76);
INSERT INTO "Written_By" VALUES('130323519',77);
INSERT INTO "Written_By" VALUES('130323519',78);
INSERT INTO "Written_By" VALUES('130323519',79);
INSERT INTO "Written_By" VALUES('446527793',80);
INSERT INTO "Written_By" VALUES('743244249',81);
INSERT INTO "Written_By" VALUES('743467523',82);
INSERT INTO "Written_By" VALUES('375703764',83);
INSERT INTO "Written_By" VALUES('345452089',84);
INSERT INTO "Written_By" VALUES('385504470',85);
INSERT INTO "Written_By" VALUES('312276702',86);
INSERT INTO "Written_By" VALUES('743457358',82);
INSERT INTO "Written_By" VALUES('1880418568',82);
INSERT INTO "Written_By" VALUES('1880418568',87);
INSERT INTO "Written_By" VALUES('743455967',82);
INSERT INTO "Written_By" VALUES('140077022',81);
INSERT INTO "Written_By" VALUES('679722955',81);
INSERT INTO "Written_By" VALUES('684848155',81);
INSERT INTO "Written_By" VALUES('471286168',51);
INSERT INTO "Written_By" VALUES('471288217',51);
INSERT INTO "Written_By" VALUES('156006219',43);
INSERT INTO "Written_By" VALUES('60540753',43);
INSERT INTO "Written_By" VALUES('393318486',46);
INSERT INTO "Written_By" VALUES('60958332',46);
INSERT INTO "Written_By" VALUES('60958405',46);
INSERT INTO "Written_By" VALUES('393319407',48);
INSERT INTO "Written_By" VALUES('067463442X',48);
INSERT INTO "Written_By" VALUES('446608955',80);
INSERT INTO "Written_By" VALUES('446676098',80);
INSERT INTO "Written_By" VALUES('446606812',80);
INSERT INTO "Written_By" VALUES('262521415',66);
INSERT INTO "Written_By" VALUES('262232197',93);
INSERT INTO "Written_By" VALUES('324113641',93);
INSERT INTO "Written_By" VALUES('471391123',94);
INSERT INTO "Written_By" VALUES('130998516',95);
INSERT INTO "Written_By" VALUES('1565924916',96);
INSERT INTO "Written_By" VALUES('735712360',97);
INSERT INTO "Written_By" VALUES('735712379',97);
INSERT INTO "Written_By" VALUES('735713170',97);
INSERT INTO "Written_By" VALUES('1558606432',98);
INSERT INTO "Written_By" VALUES('72222743',99);
INSERT INTO "Written_By" VALUES('345409469',100);
INSERT INTO "Written_By" VALUES('375508325',100);
INSERT INTO "Written_By" VALUES('345336895',100);
INSERT INTO "Written_By" VALUES('671004107',100);
INSERT INTO "Written_By" VALUES('345376595',100);
INSERT INTO "Written_By" VALUES('316666343',101);
INSERT INTO "Written_By" VALUES('316096199',101);
INSERT INTO "Written_By" VALUES('038572179X',103);
INSERT INTO "Written_By" VALUES('385494246',103);
INSERT INTO "Written_By" VALUES('385494327',103);
INSERT INTO "Written_By" VALUES('385494149',103);
INSERT INTO "Written_By" VALUES('399149848',104);
INSERT INTO "Written_By" VALUES('373218192',104);
INSERT INTO "Written_By" VALUES('373218257',104);
INSERT INTO "Written_By" VALUES('399149392',104);
INSERT INTO "Written_By" VALUES('1561584029',105);
INSERT INTO "Written_By" VALUES('1579902944',105);
INSERT INTO "Written_By" VALUES('1561586196',106);
INSERT INTO "Written_By" VALUES('61092177',107);
INSERT INTO "Written_By" VALUES('60502935',107);
INSERT INTO "Written_By" VALUES('61020656',107);
INSERT INTO "Written_By" VALUES('60855925',107);
INSERT INTO "Written_By" VALUES('61020648',107);
INSERT INTO "Written_By" VALUES('61161721',107);
